timestamp,angle,curLapTime,damage,distFromStart,distRaced,fuel,gear,lastLapTime,racePos,rpm,speedX,speedY,speedZ,track,trackPos,wheelSpinVel,z,focus,x,y,roll,pitch,yaw,speedGlobalX,speedGlobalY
0.00021011,-0.982,0,5759.1,0,94,0,0,1,942.478,-0.00588656,-0.0279698,0.00017069,"['7.3335', '7.59129', '8.46233', '10.3475', '14.5566', '20.9823', '27.0632', '38.1558', '65.5079', '200', '57.891', '22.322', '14.4373', '10.8212', '7.35777', '5.19036', '4.23485', '3.7959', '3.6665']",-0.333363,"['0', '0', '2.02532', '-2.00773']",0.345256,"['-1', '-1', '-1', '-1', '-1']",602.857,1167.06,-9.83466e-08,0.0053816,0.0333808,-0.00137446,-0.00781971
0.00021011,-0.962,0,5759.1,0,94,0,0,1,1100.33,-0.00588656,-0.0279698,0.00017069,"['7.3335', '7.59129', '8.46233', '10.3475', '14.5566', '20.9823', '27.0632', '38.1558', '65.5079', '200', '57.891', '22.322', '14.4373', '10.8212', '7.35777', '5.19036', '4.23485', '3.7959', '3.6665']",-0.333363,"['0', '0', '2.02532', '-2.00773']",0.345256,"['-1', '-1', '-1', '-1', '-1']",602.857,1167.06,-9.83466e-08,0.0053816,0.0333808,-0.00137446,-0.00781971
0.00021011,-0.942,0,5759.1,0,93.9999,0,0,1,1263.95,-0.00588656,-0.0279698,0.00017069,"['7.3335', '7.59129', '8.46233', '10.3475', '14.5566', '20.9823', '27.0632', '38.1558', '65.5079', '200', '57.891', '22.322', '14.4373', '10.8212', '7.35777', '5.19036', '4.23485', '3.7959', '3.6665']",-0.333363,"['0', '0', '2.02532', '-2.00773']",0.345256,"['-1', '-1', '-1', '-1', '-1']",602.857,1167.06,-9.83466e-08,0.0053816,0.0333808,-0.00137446,-0.00781971
0.00021011,-0.922,0,5759.1,0,93.9998,0,0,1,1432.32,-0.00588656,-0.0279698,0.00017069,"['7.3335', '7.59129', '8.46233', '10.3475', '14.5566', '20.9823', '27.0632', '38.1558', '65.5079', '200', '57.891', '22.322', '14.4373', '10.8212', '7.35777', '5.19036', '4.23485', '3.7959', '3.6665']",-0.333363,"['0', '0', '2.02532', '-2.00773']",0.345256,"['-1', '-1', '-1', '-1', '-1']",602.857,1167.06,-9.83466e-08,0.0053816,0.0333808,-0.00137446,-0.00781971
0.00021011,-0.902,0,5759.1,0,93.9997,0,0,1,1605.57,-0.00588656,-0.0279698,0.00017069,"['7.3335', '7.59129', '8.46233', '10.3475', '14.5566', '20.9823', '27.0632', '38.1558', '65.5079', '200', '57.891', '22.322', '14.4373', '10.8212', '7.35777', '5.19036', '4.23485', '3.7959', '3.6665']",-0.333363,"['0', '0', '2.02532', '-2.00773']",0.345256,"['-1', '-1', '-1', '-1', '-1']",602.857,1167.06,-9.83466e-08,0.0053816,0.0333808,-0.00137446,-0.00781971
0.00021011,-0.882,0,5759.1,0,93.9997,0,0,1,1783.85,-0.00588656,-0.0279698,0.00017069,"['7.3335', '7.59129', '8.46233', '10.3475', '14.5566', '20.9823', '27.0632', '38.1558', '65.5079', '200', '57.891', '22.322', '14.4373', '10.8212', '7.35777', '5.19036', '4.23485', '3.7959', '3.6665']",-0.333363,"['0', '0', '2.02532', '-2.00773']",0.345256,"['-1', '-1', '-1', '-1', '-1']",602.857,1167.06,-9.83466e-08,0.0053816,0.0333808,-0.00137446,-0.00781971
0.00021011,-0.862,0,5759.1,0,93.9996,0,0,1,1967.31,-0.00588656,-0.0279698,0.00017069,"['7.3335', '7.59129', '8.46233', '10.3475', '14.5566', '20.9823', '27.0632', '38.1558', '65.5079', '200', '57.891', '22.322', '14.4373', '10.8212', '7.35777', '5.19036', '4.23485', '3.7959', '3.6665']",-0.333363,"['0', '0', '2.02532', '-2.00773']",0.345256,"['-1', '-1', '-1', '-1', '-1']",602.857,1167.06,-9.83466e-08,0.0053816,0.0333808,-0.00137446,-0.00781971
0.00021011,-0.842,0,5759.1,0,93.9995,0,0,1,2156.5,-0.00588656,-0.0279698,0.00017069,"['7.3335', '7.59129', '8.46233', '10.3475', '14.5566', '20.9823', '27.0632', '38.1558', '65.5079', '200', '57.891', '22.322', '14.4373', '10.8212', '7.35777', '5.19036', '4.23485', '3.7959', '3.6665']",-0.333363,"['0', '0', '2.02532', '-2.00773']",0.345256,"['-1', '-1', '-1', '-1', '-1']",602.857,1167.06,-9.83466e-08,0.0053816,0.0333808,-0.00137446,-0.00781971
0.00021011,-0.822,0,5759.1,0,93.9994,0,0,1,2359.56,-0.00588656,-0.0279698,0.00017069,"['7.3335', '7.59129', '8.46233', '10.3475', '14.5566', '20.9823', '27.0632', '38.1558', '65.5079', '200', '57.891', '22.322', '14.4373', '10.8212', '7.35777', '5.19036', '4.23485', '3.7959', '3.6665']",-0.333363,"['0', '0', '2.02532', '-2.00773']",0.345256,"['-1', '-1', '-1', '-1', '-1']",602.857,1167.06,-9.83466e-08,0.0053816,0.0333808,-0.00137446,-0.00781971
0.00021011,-0.802,0,5759.1,0,93.9993,0,0,1,2580.78,-0.00588656,-0.0279698,0.00017069,"['7.3335', '7.59129', '8.46233', '10.3475', '14.5566', '20.9823', '27.0632', '38.1558', '65.5079', '200', '57.891', '22.322', '14.4373', '10.8212', '7.35777', '5.19036', '4.23485', '3.7959', '3.6665']",-0.333363,"['0', '0', '2.02532', '-2.00773']",0.345256,"['-1', '-1', '-1', '-1', '-1']",602.857,1167.06,-9.83466e-08,0.0053816,0.0333808,-0.00137446,-0.00781971
0.00021011,-0.782,0,5759.1,0,93.9991,0,0,1,2821.75,-0.00588656,-0.0279698,0.00017069,"['7.3335', '7.59129', '8.46233', '10.3475', '14.5566', '20.9823', '27.0632', '38.1558', '65.5079', '200', '57.891', '22.322', '14.4373', '10.8212', '7.35777', '5.19036', '4.23485', '3.7959', '3.6665']",-0.333363,"['0', '0', '2.02532', '-2.00773']",0.345256,"['-1', '-1', '-1', '-1', '-1']",602.857,1167.06,-9.83466e-08,0.0053816,0.0333808,-0.00137446,-0.00781971
0.00021011,-0.762,0,5759.1,0,93.9989,0,0,1,3084.25,-0.00588656,-0.0279698,0.00017069,"['7.3335', '7.59129', '8.46233', '10.3475', '14.5566', '20.9823', '27.0632', '38.1558', '65.5079', '200', '57.891', '22.322', '14.4373', '10.8212', '7.35777', '5.19036', '4.23485', '3.7959', '3.6665']",-0.333363,"['0', '0', '2.02532', '-2.00773']",0.345256,"['-1', '-1', '-1', '-1', '-1']",602.857,1167.06,-9.83466e-08,0.0053816,0.0333808,-0.00137446,-0.00781971
0.00021011,-0.742,0,5759.1,0,93.9987,0,0,1,3368.7,-0.00588656,-0.0279698,0.00017069,"['7.3335', '7.59129', '8.46233', '10.3475', '14.5566', '20.9823', '27.0632', '38.1558', '65.5079', '200', '57.891', '22.322', '14.4373', '10.8212', '7.35777', '5.19036', '4.23485', '3.7959', '3.6665']",-0.333363,"['0', '0', '2.02532', '-2.00773']",0.345256,"['-1', '-1', '-1', '-1', '-1']",602.857,1167.06,-9.83466e-08,0.0053816,0.0333808,-0.00137446,-0.00781971
0.00021011,-0.722,0,5759.1,0,93.9985,0,0,1,3672.92,-0.00588656,-0.0279698,0.00017069,"['7.3335', '7.59129', '8.46233', '10.3475', '14.5566', '20.9823', '27.0632', '38.1558', '65.5079', '200', '57.891', '22.322', '14.4373', '10.8212', '7.35777', '5.19036', '4.23485', '3.7959', '3.6665']",-0.333363,"['0', '0', '2.02532', '-2.00773']",0.345256,"['-1', '-1', '-1', '-1', '-1']",602.857,1167.06,-9.83466e-08,0.0053816,0.0333808,-0.00137446,-0.00781971
0.00021011,-0.702,0,5759.1,0,93.9982,0,0,1,3998.1,-0.00588656,-0.0279698,0.00017069,"['7.3335', '7.59129', '8.46233', '10.3475', '14.5566', '20.9823', '27.0632', '38.1558', '65.5079', '200', '57.891', '22.322', '14.4373', '10.8212', '7.35777', '5.19036', '4.23485', '3.7959', '3.6665']",-0.333363,"['0', '0', '2.02532', '-2.00773']",0.345256,"['-1', '-1', '-1', '-1', '-1']",602.857,1167.06,-9.83466e-08,0.0053816,0.0333808,-0.00137446,-0.00781971
0.00021011,-0.682,0,5759.1,0,93.9978,0,0,1,4345.29,-0.00588656,-0.0279698,0.00017069,"['7.3335', '7.59129', '8.46233', '10.3475', '14.5566', '20.9823', '27.0632', '38.1558', '65.5079', '200', '57.891', '22.322', '14.4373', '10.8212', '7.35777', '5.19036', '4.23485', '3.7959', '3.6665']",-0.333363,"['0', '0', '2.02532', '-2.00773']",0.345256,"['-1', '-1', '-1', '-1', '-1']",602.857,1167.06,-9.83466e-08,0.0053816,0.0333808,-0.00137446,-0.00781971
0.00021011,-0.662,0,5759.1,0,93.9974,0,0,1,4712.09,-0.00588656,-0.0279698,0.00017069,"['7.3335', '7.59129', '8.46233', '10.3475', '14.5566', '20.9823', '27.0632', '38.1558', '65.5079', '200', '57.891', '22.322', '14.4373', '10.8212', '7.35777', '5.19036', '4.23485', '3.7959', '3.6665']",-0.333363,"['0', '0', '2.02532', '-2.00773']",0.345256,"['-1', '-1', '-1', '-1', '-1']",602.857,1167.06,-9.83466e-08,0.0053816,0.0333808,-0.00137446,-0.00781971
0.00021011,-0.642,0,5759.1,0,93.997,0,0,1,5098.62,-0.00588656,-0.0279698,0.00017069,"['7.3335', '7.59129', '8.46233', '10.3475', '14.5566', '20.9823', '27.0632', '38.1558', '65.5079', '200', '57.891', '22.322', '14.4373', '10.8212', '7.35777', '5.19036', '4.23485', '3.7959', '3.6665']",-0.333363,"['0', '0', '2.02532', '-2.00773']",0.345256,"['-1', '-1', '-1', '-1', '-1']",602.857,1167.06,-9.83466e-08,0.0053816,0.0333808,-0.00137446,-0.00781971
0.00021011,-0.622,0,5759.1,0,93.9965,0,0,1,5504.72,-0.00588656,-0.0279698,0.00017069,"['7.3335', '7.59129', '8.46233', '10.3475', '14.5566', '20.9823', '27.0632', '38.1558', '65.5079', '200', '57.891', '22.322', '14.4373', '10.8212', '7.35777', '5.19036', '4.23485', '3.7959', '3.6665']",-0.333363,"['0', '0', '2.02532', '-2.00773']",0.345256,"['-1', '-1', '-1', '-1', '-1']",602.857,1167.06,-9.83466e-08,0.0053816,0.0333808,-0.00137446,-0.00781971
0.00021011,-0.602,0,5759.1,0,93.9959,0,0,1,5926.31,-0.00588656,-0.0279698,0.00017069,"['7.3335', '7.59129', '8.46233', '10.3475', '14.5566', '20.9823', '27.0632', '38.1558', '65.5079', '200', '57.891', '22.322', '14.4373', '10.8212', '7.35777', '5.19036', '4.23485', '3.7959', '3.6665']",-0.333363,"['0', '0', '2.02532', '-2.00773']",0.345256,"['-1', '-1', '-1', '-1', '-1']",602.857,1167.06,-9.83466e-08,0.0053816,0.0333808,-0.00137446,-0.00781971
0.00021011,-0.582,0,5759.1,0,93.9953,0,0,1,6363.39,-0.00588656,-0.0279698,0.00017069,"['7.3335', '7.59129', '8.46233', '10.3475', '14.5566', '20.9823', '27.0632', '38.1558', '65.5079', '200', '57.891', '22.322', '14.4373', '10.8212', '7.35777', '5.19036', '4.23485', '3.7959', '3.6665']",-0.333363,"['0', '0', '2.02532', '-2.00773']",0.345256,"['-1', '-1', '-1', '-1', '-1']",602.857,1167.06,-9.83466e-08,0.0053816,0.0333808,-0.00137446,-0.00781971
0.00021011,-0.562,0,5759.1,0,93.9946,0,0,1,6812.3,-0.00588656,-0.0279698,0.00017069,"['7.3335', '7.59129', '8.46233', '10.3475', '14.5566', '20.9823', '27.0632', '38.1558', '65.5079', '200', '57.891', '22.322', '14.4373', '10.8212', '7.35777', '5.19036', '4.23485', '3.7959', '3.6665']",-0.333363,"['0', '0', '2.02532', '-2.00773']",0.345256,"['-1', '-1', '-1', '-1', '-1']",602.857,1167.06,-9.83466e-08,0.0053816,0.0333808,-0.00137446,-0.00781971
0.00021011,-0.542,0,5759.1,0,93.9938,0,0,1,7270.74,-0.00588656,-0.0279698,0.00017069,"['7.3335', '7.59129', '8.46233', '10.3475', '14.5566', '20.9823', '27.0632', '38.1558', '65.5079', '200', '57.891', '22.322', '14.4373', '10.8212', '7.35777', '5.19036', '4.23485', '3.7959', '3.6665']",-0.333363,"['0', '0', '2.02532', '-2.00773']",0.345256,"['-1', '-1', '-1', '-1', '-1']",602.857,1167.06,-9.83466e-08,0.0053816,0.0333808,-0.00137446,-0.00781971
0.00021011,-0.522,0,5759.1,0,93.993,0,0,1,7738.29,-0.00588656,-0.0279698,0.00017069,"['7.3335', '7.59129', '8.46233', '10.3475', '14.5566', '20.9823', '27.0632', '38.1558', '65.5079', '200', '57.891', '22.322', '14.4373', '10.8212', '7.35777', '5.19036', '4.23485', '3.7959', '3.6665']",-0.333363,"['0', '0', '2.02532', '-2.00773']",0.345256,"['-1', '-1', '-1', '-1', '-1']",602.857,1167.06,-9.83466e-08,0.0053816,0.0333808,-0.00137446,-0.00781971
0.00021011,-0.502,0,5759.1,0,93.9921,0,0,1,8213.97,-0.00588656,-0.0279698,0.00017069,"['7.3335', '7.59129', '8.46233', '10.3475', '14.5566', '20.9823', '27.0632', '38.1558', '65.5079', '200', '57.891', '22.322', '14.4373', '10.8212', '7.35777', '5.19036', '4.23485', '3.7959', '3.6665']",-0.333363,"['0', '0', '2.02532', '-2.00773']",0.345256,"['-1', '-1', '-1', '-1', '-1']",602.857,1167.06,-9.83466e-08,0.0053816,0.0333808,-0.00137446,-0.00781971
0.00021011,-0.482,0,5759.1,0,93.9911,0,0,1,8690.56,-0.00588656,-0.0279698,0.00017069,"['7.3335', '7.59129', '8.46233', '10.3475', '14.5566', '20.9823', '27.0632', '38.1558', '65.5079', '200', '57.891', '22.322', '14.4373', '10.8212', '7.35777', '5.19036', '4.23485', '3.7959', '3.6665']",-0.333363,"['0', '0', '2.02532', '-2.00773']",0.345256,"['-1', '-1', '-1', '-1', '-1']",602.857,1167.06,-9.83466e-08,0.0053816,0.0333808,-0.00137446,-0.00781971
0.00021011,-0.462,0,5759.1,0,93.9902,0,0,1,9139.95,-0.00588656,-0.0279698,0.00017069,"['7.3335', '7.59129', '8.46233', '10.3475', '14.5566', '20.9823', '27.0632', '38.1558', '65.5079', '200', '57.891', '22.322', '14.4373', '10.8212', '7.35777', '5.19036', '4.23485', '3.7959', '3.6665']",-0.333363,"['0', '0', '2.02532', '-2.00773']",0.345256,"['-1', '-1', '-1', '-1', '-1']",602.857,1167.06,-9.83466e-08,0.0053816,0.0333808,-0.00137446,-0.00781971
0.00021011,-0.442,0,5759.1,0,93.9892,0,0,1,9561.2,-0.00588656,-0.0279698,0.00017069,"['7.3335', '7.59129', '8.46233', '10.3475', '14.5566', '20.9823', '27.0632', '38.1558', '65.5079', '200', '57.891', '22.322', '14.4373', '10.8212', '7.35777', '5.19036', '4.23485', '3.7959', '3.6665']",-0.333363,"['0', '0', '2.02532', '-2.00773']",0.345256,"['-1', '-1', '-1', '-1', '-1']",602.857,1167.06,-9.83466e-08,0.0053816,0.0333808,-0.00137446,-0.00781971
0.00021011,-0.422,0,5759.1,0,93.9888,0,0,1,9583.95,-0.00588656,-0.0279698,0.00017069,"['7.3335', '7.59129', '8.46233', '10.3475', '14.5566', '20.9823', '27.0632', '38.1558', '65.5079', '200', '57.891', '22.322', '14.4373', '10.8212', '7.35777', '5.19036', '4.23485', '3.7959', '3.6665']",-0.333363,"['0', '0', '2.02532', '-2.00773']",0.345256,"['-1', '-1', '-1', '-1', '-1']",602.857,1167.06,-9.83466e-08,0.0053816,0.0333808,-0.00137446,-0.00781971
0.00021011,-0.402,0,5759.1,0,93.9883,0,0,1,9583.95,-0.00588656,-0.0279698,0.00017069,"['7.3335', '7.59129', '8.46233', '10.3475', '14.5566', '20.9823', '27.0632', '38.1558', '65.5079', '200', '57.891', '22.322', '14.4373', '10.8212', '7.35777', '5.19036', '4.23485', '3.7959', '3.6665']",-0.333363,"['0', '0', '2.02532', '-2.00773']",0.345256,"['-1', '-1', '-1', '-1', '-1']",602.857,1167.06,-9.83466e-08,0.0053816,0.0333808,-0.00137446,-0.00781971
0.00021011,-0.382,0,5759.1,0,93.9879,0,0,1,9583.95,-0.00588656,-0.0279698,0.00017069,"['7.3335', '7.59129', '8.46233', '10.3475', '14.5566', '20.9823', '27.0632', '38.1558', '65.5079', '200', '57.891', '22.322', '14.4373', '10.8212', '7.35777', '5.19036', '4.23485', '3.7959', '3.6665']",-0.333363,"['0', '0', '2.02532', '-2.00773']",0.345256,"['-1', '-1', '-1', '-1', '-1']",602.857,1167.06,-9.83466e-08,0.0053816,0.0333808,-0.00137446,-0.00781971
0.00021011,-0.362,0,5759.1,0,93.9874,0,0,1,9583.95,-0.00588656,-0.0279698,0.00017069,"['7.3335', '7.59129', '8.46233', '10.3475', '14.5566', '20.9823', '27.0632', '38.1558', '65.5079', '200', '57.891', '22.322', '14.4373', '10.8212', '7.35777', '5.19036', '4.23485', '3.7959', '3.6665']",-0.333363,"['0', '0', '2.02532', '-2.00773']",0.345256,"['-1', '-1', '-1', '-1', '-1']",602.857,1167.06,-9.83466e-08,0.0053816,0.0333808,-0.00137446,-0.00781971
0.00021011,-0.342,0,5759.1,0,93.9869,0,0,1,9583.95,-0.00588656,-0.0279698,0.00017069,"['7.3335', '7.59129', '8.46233', '10.3475', '14.5566', '20.9823', '27.0632', '38.1558', '65.5079', '200', '57.891', '22.322', '14.4373', '10.8212', '7.35777', '5.19036', '4.23485', '3.7959', '3.6665']",-0.333363,"['0', '0', '2.02532', '-2.00773']",0.345256,"['-1', '-1', '-1', '-1', '-1']",602.857,1167.06,-9.83466e-08,0.0053816,0.0333808,-0.00137446,-0.00781971
0.00021011,-0.322,0,5759.1,0,93.9865,0,0,1,9583.95,-0.00588656,-0.0279698,0.00017069,"['7.3335', '7.59129', '8.46233', '10.3475', '14.5566', '20.9823', '27.0632', '38.1558', '65.5079', '200', '57.891', '22.322', '14.4373', '10.8212', '7.35777', '5.19036', '4.23485', '3.7959', '3.6665']",-0.333363,"['0', '0', '2.02532', '-2.00773']",0.345256,"['-1', '-1', '-1', '-1', '-1']",602.857,1167.06,-9.83466e-08,0.0053816,0.0333808,-0.00137446,-0.00781971
0.00021011,-0.302,0,5759.1,0,93.986,0,0,1,9583.95,-0.00588656,-0.0279698,0.00017069,"['7.3335', '7.59129', '8.46233', '10.3475', '14.5566', '20.9823', '27.0632', '38.1558', '65.5079', '200', '57.891', '22.322', '14.4373', '10.8212', '7.35777', '5.19036', '4.23485', '3.7959', '3.6665']",-0.333363,"['0', '0', '2.02532', '-2.00773']",0.345256,"['-1', '-1', '-1', '-1', '-1']",602.857,1167.06,-9.83466e-08,0.0053816,0.0333808,-0.00137446,-0.00781971
0.00021011,-0.282,0,5759.1,0,93.9856,0,0,1,9583.95,-0.00588656,-0.0279698,0.00017069,"['7.3335', '7.59129', '8.46233', '10.3475', '14.5566', '20.9823', '27.0632', '38.1558', '65.5079', '200', '57.891', '22.322', '14.4373', '10.8212', '7.35777', '5.19036', '4.23485', '3.7959', '3.6665']",-0.333363,"['0', '0', '2.02532', '-2.00773']",0.345256,"['-1', '-1', '-1', '-1', '-1']",602.857,1167.06,-9.83466e-08,0.0053816,0.0333808,-0.00137446,-0.00781971
0.00021011,-0.262,0,5759.1,0,93.9851,0,0,1,9583.95,-0.00588656,-0.0279698,0.00017069,"['7.3335', '7.59129', '8.46233', '10.3475', '14.5566', '20.9823', '27.0632', '38.1558', '65.5079', '200', '57.891', '22.322', '14.4373', '10.8212', '7.35777', '5.19036', '4.23485', '3.7959', '3.6665']",-0.333363,"['0', '0', '2.02532', '-2.00773']",0.345256,"['-1', '-1', '-1', '-1', '-1']",602.857,1167.06,-9.83466e-08,0.0053816,0.0333808,-0.00137446,-0.00781971
0.00021011,-0.242,0,5759.1,0,93.9847,0,0,1,9583.95,-0.00588656,-0.0279698,0.00017069,"['7.3335', '7.59129', '8.46233', '10.3475', '14.5566', '20.9823', '27.0632', '38.1558', '65.5079', '200', '57.891', '22.322', '14.4373', '10.8212', '7.35777', '5.19036', '4.23485', '3.7959', '3.6665']",-0.333363,"['0', '0', '2.02532', '-2.00773']",0.345256,"['-1', '-1', '-1', '-1', '-1']",602.857,1167.06,-9.83466e-08,0.0053816,0.0333808,-0.00137446,-0.00781971
0.00021011,-0.222,0,5759.1,0,93.9842,0,0,1,9583.95,-0.00588656,-0.0279698,0.00017069,"['7.3335', '7.59129', '8.46233', '10.3475', '14.5566', '20.9823', '27.0632', '38.1558', '65.5079', '200', '57.891', '22.322', '14.4373', '10.8212', '7.35777', '5.19036', '4.23485', '3.7959', '3.6665']",-0.333363,"['0', '0', '2.02532', '-2.00773']",0.345256,"['-1', '-1', '-1', '-1', '-1']",602.857,1167.06,-9.83466e-08,0.0053816,0.0333808,-0.00137446,-0.00781971
0.00021011,-0.202,0,5759.1,0,93.9837,0,0,1,9583.95,-0.00588656,-0.0279698,0.00017069,"['7.3335', '7.59129', '8.46233', '10.3475', '14.5566', '20.9823', '27.0632', '38.1558', '65.5079', '200', '57.891', '22.322', '14.4373', '10.8212', '7.35777', '5.19036', '4.23485', '3.7959', '3.6665']",-0.333363,"['0', '0', '2.02532', '-2.00773']",0.345256,"['-1', '-1', '-1', '-1', '-1']",602.857,1167.06,-9.83466e-08,0.0053816,0.0333808,-0.00137446,-0.00781971
0.00021011,-0.182,0,5759.1,0,93.9833,0,0,1,9583.95,-0.00588656,-0.0279698,0.00017069,"['7.3335', '7.59129', '8.46233', '10.3475', '14.5566', '20.9823', '27.0632', '38.1558', '65.5079', '200', '57.891', '22.322', '14.4373', '10.8212', '7.35777', '5.19036', '4.23485', '3.7959', '3.6665']",-0.333363,"['0', '0', '2.02532', '-2.00773']",0.345256,"['-1', '-1', '-1', '-1', '-1']",602.857,1167.06,-9.83466e-08,0.0053816,0.0333808,-0.00137446,-0.00781971
0.00021011,-0.162,0,5759.1,0,93.9828,0,0,1,9583.95,-0.00588656,-0.0279698,0.00017069,"['7.3335', '7.59129', '8.46233', '10.3475', '14.5566', '20.9823', '27.0632', '38.1558', '65.5079', '200', '57.891', '22.322', '14.4373', '10.8212', '7.35777', '5.19036', '4.23485', '3.7959', '3.6665']",-0.333363,"['0', '0', '2.02532', '-2.00773']",0.345256,"['-1', '-1', '-1', '-1', '-1']",602.857,1167.06,-9.83466e-08,0.0053816,0.0333808,-0.00137446,-0.00781971
0.00021011,-0.142,0,5759.1,0,93.9824,0,0,1,9583.95,-0.00588656,-0.0279698,0.00017069,"['7.3335', '7.59129', '8.46233', '10.3475', '14.5566', '20.9823', '27.0632', '38.1558', '65.5079', '200', '57.891', '22.322', '14.4373', '10.8212', '7.35777', '5.19036', '4.23485', '3.7959', '3.6665']",-0.333363,"['0', '0', '2.02532', '-2.00773']",0.345256,"['-1', '-1', '-1', '-1', '-1']",602.857,1167.06,-9.83466e-08,0.0053816,0.0333808,-0.00137446,-0.00781971
0.00021011,-0.122,0,5759.1,0,93.9819,0,0,1,9583.95,-0.00588656,-0.0279698,0.00017069,"['7.3335', '7.59129', '8.46233', '10.3475', '14.5566', '20.9823', '27.0632', '38.1558', '65.5079', '200', '57.891', '22.322', '14.4373', '10.8212', '7.35777', '5.19036', '4.23485', '3.7959', '3.6665']",-0.333363,"['0', '0', '2.02532', '-2.00773']",0.345256,"['-1', '-1', '-1', '-1', '-1']",602.857,1167.06,-9.83466e-08,0.0053816,0.0333808,-0.00137446,-0.00781971
0.00021011,-0.102,0,5759.1,0,93.9815,0,0,1,9583.95,-0.00588656,-0.0279698,0.00017069,"['7.3335', '7.59129', '8.46233', '10.3475', '14.5566', '20.9823', '27.0632', '38.1558', '65.5079', '200', '57.891', '22.322', '14.4373', '10.8212', '7.35777', '5.19036', '4.23485', '3.7959', '3.6665']",-0.333363,"['0', '0', '2.02532', '-2.00773']",0.345256,"['-1', '-1', '-1', '-1', '-1']",602.857,1167.06,-9.83466e-08,0.0053816,0.0333808,-0.00137446,-0.00781971
0.00021011,-0.082,0,5759.1,0,93.981,0,0,1,9583.95,-0.00588656,-0.0279698,0.00017069,"['7.3335', '7.59129', '8.46233', '10.3475', '14.5566', '20.9823', '27.0632', '38.1558', '65.5079', '200', '57.891', '22.322', '14.4373', '10.8212', '7.35777', '5.19036', '4.23485', '3.7959', '3.6665']",-0.333363,"['0', '0', '2.02532', '-2.00773']",0.345256,"['-1', '-1', '-1', '-1', '-1']",602.857,1167.06,-9.83466e-08,0.0053816,0.0333808,-0.00137446,-0.00781971
0.00021011,-0.062,0,5759.1,0,93.9805,0,0,1,9583.95,-0.00588656,-0.0279698,0.00017069,"['7.3335', '7.59129', '8.46233', '10.3475', '14.5566', '20.9823', '27.0632', '38.1558', '65.5079', '200', '57.891', '22.322', '14.4373', '10.8212', '7.35777', '5.19036', '4.23485', '3.7959', '3.6665']",-0.333363,"['0', '0', '2.02532', '-2.00773']",0.345256,"['-1', '-1', '-1', '-1', '-1']",602.857,1167.06,-9.83466e-08,0.0053816,0.0333808,-0.00137446,-0.00781971
0.00021011,-0.042,0,5759.1,0,93.9801,0,0,1,9583.95,-0.00588656,-0.0279698,0.00017069,"['7.3335', '7.59129', '8.46233', '10.3475', '14.5566', '20.9823', '27.0632', '38.1558', '65.5079', '200', '57.891', '22.322', '14.4373', '10.8212', '7.35777', '5.19036', '4.23485', '3.7959', '3.6665']",-0.333363,"['0', '0', '2.02532', '-2.00773']",0.345256,"['-1', '-1', '-1', '-1', '-1']",602.857,1167.06,-9.83466e-08,0.0053816,0.0333808,-0.00137446,-0.00781971
0.00021011,-0.022,0,5759.1,0,93.9796,0,0,1,9583.95,-0.00588656,-0.0279698,0.00017069,"['7.3335', '7.59129', '8.46233', '10.3475', '14.5566', '20.9823', '27.0632', '38.1558', '65.5079', '200', '57.891', '22.322', '14.4373', '10.8212', '7.35777', '5.19036', '4.23485', '3.7959', '3.6665']",-0.333363,"['0', '0', '2.02532', '-2.00773']",0.345256,"['-1', '-1', '-1', '-1', '-1']",602.857,1167.06,-9.83466e-08,0.0053816,0.0333808,-0.00137446,-0.00781971
9.75768e-05,0.018,0,5759.1,0,93.9787,0,0,1,9583.95,0.0264409,0.0295299,0.000212449,"['7.3335', '7.59102', '8.46192', '10.3466', '14.5538', '20.9767', '27.0533', '38.1369', '65.4453', '200', '58.0102', '22.339', '14.4445', '10.8248', '7.35928', '5.19075', '4.23526', '3.79614', '3.6665']",-0.333363,"['-1.53699', '0.772485', '-3.72099', '3.77368']",0.345257,"['115.565', '155.318', '200', '200', '200']",602.857,1167.06,2.0594e-05,0.0053546,0.0334936,0.00706634,0.00844372
2.12828e-05,0.038,0,5759.1,0,93.9786,1,0,1,956.343,0.0228579,0.0236791,0.000206996,"['7.3335', '7.59091', '8.46142', '10.3457', '14.5523', '20.9723', '27.0461', '38.1218', '65.4059', '200', '58.0934', '22.3488', '14.4484', '10.8267', '7.36016', '5.19141', '4.23516', '3.79614', '3.6665']",-0.333363,"['0.156437', '-0.892475', '2.827', '-3.06595']",0.345258,"['-1', '-1', '-1', '-1', '-1']",602.857,1167.06,2.50926e-05,0.00534111,0.0335697,0.00612482,0.00678716
-2.73546e-05,0.058,0,5759.1,0,93.9786,1,0,1,971.761,0.0215004,0.0205638,0.000194262,"['7.3335', '7.5907', '8.46111', '10.3451', '14.5504', '20.9699', '27.0417', '38.1132', '65.3787', '200', '58.1458', '22.3559', '14.4513', '10.8286', '7.36069', '5.19159', '4.23547', '3.79626', '3.6665']",-0.333363,"['-1.52915', '0.810033', '-3.06522', '2.82075']",0.345258,"['-1', '-1', '-1', '-1', '-1']",602.857,1167.06,2.04806e-05,0.00534008,0.0336185,0.00577724,0.00590939
-6.69321e-05,0.078,0,5759.1,0,93.9786,1,0,1,987.193,0.0199967,0.019303,0.000155056,"['7.3335', '7.59086', '8.46099', '10.3449', '14.5496', '20.9678', '27.0378', '38.1051', '65.3571', '200', '58.1889', '22.363', '14.4535', '10.8298', '7.36125', '5.19162', '4.23548', '3.79614', '3.6665']",-0.333363,"['0.16944', '-0.871515', '2.81414', '-3.06464']",0.345258,"['-1', '-1', '-1', '-1', '-1']",602.857,1167.06,1.41856e-05,0.00534611,0.0336579,0.00537085,0.00554603
-0.000107463,0.098,0,5759.1,0,93.9786,1,0,1,1002.64,0.0192344,0.018045,9.89443e-05,"['7.3335', '7.59082', '8.46075', '10.3444', '14.5486', '20.9654', '27.0344', '38.0994', '65.3356', '200', '58.2331', '22.3685', '14.4562', '10.8313', '7.36168', '5.19182', '4.23572', '3.79626', '3.6665']",-0.333363,"['-1.51471', '0.831467', '-3.06649', '2.81128']",0.345258,"['-1', '-1', '-1', '-1', '-1']",602.857,1167.06,9.27001e-06,0.005355,0.0336985,0.00517122,0.00518943
-0.000147518,0.118,0,5759.1,0,93.9786,1,0,1,1018.09,0.0180517,0.0176515,2.28013e-05,"['7.3335', '7.59064', '8.46063', '10.3439', '14.548', '20.9633', '27.0312', '38.0913', '65.3133', '200', '58.2771', '22.375', '14.4573', '10.8317', '7.36248', '5.19209', '4.23571', '3.79639', '3.6665']",-0.333363,"['0.184219', '-0.852954', '2.806', '-3.06816']",0.345258,"['-1', '-1', '-1', '-1', '-1']",602.857,1167.06,5.6697e-06,0.0053644,0.0337385,0.00484592,0.00506975
-0.000191387,0.138,0,5759.1,0,93.9786,1,0,1,1033.55,0.01755,0.0169562,-6.74747e-05,"['7.3335', '7.59043', '8.46041', '10.3436', '14.547', '20.9608', '27.0272', '38.0836', '65.2898', '200', '58.3223', '22.3813', '14.46', '10.8333', '7.36284', '5.1924', '4.23581', '3.79639', '3.6665']",-0.333363,"['-1.50289', '0.848011', '-3.07046', '2.80268']",0.345258,"['-1', '-1', '-1', '-1', '-1']",602.857,1167.06,3.62799e-06,0.00537267,0.0337823,0.00471337,0.00487178
-0.000235732,0.158,0,5759.1,0,93.9786,1,0,1,1049.03,0.0164058,0.0170344,-0.000168215,"['7.3335', '7.59059', '8.46033', '10.343', '14.5458', '20.9585', '27.0235', '38.0764', '65.2659', '200', '58.3714', '22.3875', '14.4625', '10.8352', '7.3632', '5.1926', '4.23591', '3.79626', '3.6665']",-0.333363,"['0.198671', '-0.836279', '2.80004', '-3.07347']",0.345258,"['-1', '-1', '-1', '-1', '-1']",602.857,1167.06,2.43613e-06,0.00537944,0.0338269,0.00439433,0.00488337
-0.000284847,0.178,0,5759.1,0,93.9786,1,0,1,942.478,0.0159694,0.0167674,-0.000202213,"['7.3335', '7.59028', '8.4599', '10.3425', '14.5444', '20.9554', '27.0186', '38.0667', '65.239', '200', '58.4235', '22.3956', '14.4664', '10.8365', '7.36392', '5.19278', '4.23597', '3.79651', '3.6665']",-0.333363,"['-1.48809', '0.865941', '-2.86588', '3.27305']",0.345258,"['-1', '-1', '-1', '-1', '-1']",602.857,1167.06,2.14926e-06,0.00538442,0.0338761,0.00427589,0.00480496
-0.000345882,0.198,0,5759.1,0.000976562,93.9786,1,0,1,942.478,0.39168,0.00746019,0.00012455,"['7.3335', '7.59037', '8.4596', '10.3422', '14.5425', '20.9525', '27.0141', '38.0554', '65.2072', '200', '58.4911', '22.4037', '14.4693', '10.8384', '7.3647', '5.19314', '4.23629', '3.79651', '3.6665']",-0.333363,"['0.159402', '-0.762967', '0.259774', '-0.0741169']",0.345257,"['-1', '-1', '-1', '-1', '-1']",602.858,1167.06,-6.34502e-07,0.00527153,0.0339366,0.108667,0.00576542
-7.12236e-05,0.218,0,5759.1,0.00390625,93.9786,1,0,1,942.478,0.60964,-0.080863,0.00177571,"['7.3335', '7.59086', '8.46085', '10.3448', '14.5495', '20.9672', '27.0376', '38.1047', '65.3557', '200', '58.193', '22.3632', '14.454', '10.8299', '7.36121', '5.19175', '4.23547', '3.79626', '3.6665']",-0.333363,"['-1.99918', '1.04406', '7.19037', '-1.19446']",0.345261,"['-1', '-1', '-1', '-1', '-1']",602.86,1167.06,-5.52924e-05,0.00486677,0.0336602,0.170005,-0.0167426
0.000484292,0.238,0,5759.11,0.00830078,93.9786,1,0,1,942.478,0.970567,-0.141319,0.00354338,"['7.33374', '7.59206', '8.46393', '10.3509', '14.5639', '20.998', '27.0881', '38.2069', '65.6594', '200', '57.5942', '22.2799', '14.4216', '10.8124', '7.35396', '5.18855', '4.2337', '3.79529', '3.66626']",-0.333407,"['3.1413', '0.0602793', '5.09141', '-1.90435']",0.345275,"['-1', '-1', '-1', '-1', '-1']",602.865,1167.06,-0.000110681,0.00435381,0.0331017,0.270757,-0.0302793
0.00130064,0.26,0,5759.11,0.0151367,93.9786,1,0,1,942.478,1.43391,-0.184623,0.00497839,"['7.33533', '7.59541', '8.46979', '10.3613', '14.5874', '21.0472', '27.1666', '38.3625', '66.1201', '200', '56.7172', '22.1501', '14.3694', '10.7823', '7.34015', '5.18204', '4.23008', '3.79285', '3.66467']",-0.333696,"['-0.558965', '2.51969', '0.455599', '0.0587826']",0.3453,"['-1', '-1', '-1', '-1', '-1']",602.872,1167.05,-0.00016916,0.00381461,0.0322808,0.399759,-0.0383754
0.0023163,0.28,0,5759.12,0.0234375,93.9786,1,0,1,942.478,1.63494,-0.238288,0.00575972,"['7.33679', '7.59907', '8.47635', '10.3741', '14.6155', '21.1055', '27.2629', '38.5581', '66.697', '200', '55.6671', '21.9949', '14.307', '10.7481', '7.32413', '5.17455', '4.22583', '3.79041', '3.66321']",-0.333962,"['2.59432', '0.0720344', '3.73307', '3.70401']",0.345327,"['-1', '-1', '-1', '-1', '-1']",602.88,1167.05,-0.000203293,0.00338317,0.0312599,0.456003,-0.0519032
0.00336773,0.3,0,5759.13,0.0341797,93.9786,1,0,1,942.478,2.00669,-0.30697,0.0058086,"['7.3385', '7.60295', '8.48337', '10.3871', '14.6447', '21.1688', '27.3629', '38.7606', '67.3064', '200', '54.6217', '21.8358', '14.2422', '10.7118', '7.30753', '5.16684', '4.22148', '3.7876', '3.66162']",-0.334251,"['0.212653', '3.04747', '5.61252', '-0.531159']",0.345357,"['-1', '-1', '-1', '-1', '-1']",602.891,1167.05,-0.000234112,0.00302067,0.0302019,0.559743,-0.0683186
0.0048135,0.32,0,5759.14,0.0463867,93.9786,1,0,1,942.478,2.25125,-0.364404,0.00517369,"['7.34009', '7.6077', '8.49258', '10.4045', '14.6841', '21.2536', '27.5009', '39.0409', '68.1593', '200', '53.2498', '21.625', '14.1574', '10.6635', '7.2855', '5.15714', '4.21595', '3.78455', '3.65991']",-0.334561,"['3.02597', '0.785619', '1.76476', '7.77014']",0.345383,"['-1', '-1', '-1', '-1', '-1']",602.903,1167.05,-0.000239171,0.00280542,0.0287486,0.62801,-0.0831169
0.00638849,0.34,0,5759.16,0.0600586,93.9786,1,0,1,942.478,2.5686,-0.416808,0.00396358,"['7.34216', '7.61291', '8.50248', '10.4239', '14.7279', '21.3468', '27.6519', '39.3501', '69.1157', '200', '51.8292', '21.3988', '14.0641', '10.6112', '7.26238', '5.1463', '4.20991', '3.78101', '3.65796']",-0.334917,"['0.663148', '3.71858', '1.29846', '9.27937']",0.345403,"['-1', '-1', '-1', '-1', '-1']",602.917,1167.05,-0.000237455,0.00271508,0.027165,0.716395,-0.0962582
0.00824148,0.36,0,5759.17,0.0761719,93.9786,1,0,1,942.478,2.94468,-0.483362,0.00261483,"['7.34509', '7.61987', '8.51505', '10.4474', '14.7805', '21.459', '27.8356', '39.7249', '70.2798', '200', '50.2394', '21.1355', '13.9546', '10.5491', '7.23304', '5.13274', '4.20209', '3.776', '3.65515']",-0.335449,"['3.53601', '1.4356', '7.54426', '1.55414']",0.345415,"['-1', '-1', '-1', '-1', '-1']",602.933,1167.05,-0.000242619,0.00267669,0.0253017,0.821127,-0.113349
0.0102094,0.38,0,5759.19,0.0932617,93.9786,1,0,1,942.478,3.23101,-0.537176,0.00142712,"['7.34851', '7.62728', '8.52855', '10.4725', '14.8369', '21.5797', '28.0324', '40.1306', '71.5582', '200', '48.6533', '20.8637', '13.8406', '10.4838', '7.20262', '5.11847', '4.19395', '3.77087', '3.65198']",-0.336026,"['1.17869', '4.34188', '2.66624', '8.47644']",0.34542,"['-1', '-1', '-1', '-1', '-1']",602.95,1167.04,-0.000244146,0.00269737,0.0233229,0.900761,-0.128087
0.0125921,0.4,0,5759.21,0.112305,93.9786,1,0,1,942.478,3.63966,-0.576043,0.000528299,"['7.35168', '7.63552', '8.54403', '10.5019', '14.9043', '21.7262', '28.2722', '40.6286', '73.1629', '200', '46.8724', '20.5482', '13.7066', '10.4074', '7.16762', '5.10235', '4.18472', '3.7655', '3.64905']",-0.336581,"['4.00351', '2.09812', '3.43258', '4.5849']",0.345418,"['-1', '-1', '-1', '-1', '-1']",602.969,1167.04,-0.000233025,0.00274,0.0209286,1.01418,-0.138551
0.0150574,0.42,0,5759.23,0.133789,93.9786,1,0,1,942.478,3.92301,-0.641133,-5.33806e-06,"['7.35547', '7.64431', '8.56024', '10.5331', '14.9756', '21.8787', '28.5253', '41.1588', '74.898', '200', '45.1543', '20.2325', '13.57', '10.3288', '7.13129', '5.08541', '4.17518', '3.75964', '3.646']",-0.33718,"['1.68918', '4.95449', '7.06636', '3.50529']",0.345412,"['-1', '-1', '-1', '-1', '-1']",602.991,1167.04,-0.000231664,0.00281139,0.01845,1.09287,-0.157679
0.0178321,0.44,0,5759.25,0.15625,93.9786,1,0,1,942.478,4.2801,-0.690412,-0.00020362,"['7.36011', '7.65487', '8.57969', '10.5696', '15.0574', '22.0558', '28.819', '41.7751', '76.964', '200', '43.3555', '19.8834', '13.4161', '10.2399', '7.0889', '5.06521', '4.1634', '3.75232', '3.6416']",-0.338002,"['4.52379', '2.73974', '4.24461', '5.40874']",0.345403,"['-1', '-1', '-1', '-1', '-1']",603.013,1167.04,-0.000235837,0.00287168,0.0156608,1.19183,-0.17277
0.0207613,0.46,0,5759.28,0.180664,93.9786,1,0,1,942.478,4.56555,-0.753874,-7.32762e-05,"['7.36499', '7.66598', '8.5997', '10.6076', '15.144', '22.2443', '29.1328', '42.4442', '79.2632', '200', '41.6034', '19.5322', '13.2593', '10.1489', '7.04602', '5.04489', '4.15184', '3.74512', '3.63733']",-0.338801,"['2.2438', '5.63339', '7.44128', '4.56491']",0.345395,"['-1', '-1', '-1', '-1', '-1']",603.038,1167.03,-0.000241196,0.0029113,0.0127164,1.27083,-0.19289
0.0240849,0.48,0,5759.31,0.20752,93.9786,1,0,1,942.478,4.93778,-0.800844,0.000220413,"['7.37', '7.67802', '8.62249', '10.6506', '15.2432', '22.4604', '29.4971', '43.2275', '82.0409', '200', '39.784', '19.1504', '13.0868', '10.0482', '6.99869', '5.02244', '4.13904', '3.73743', '3.63318']",-0.339622,"['5.06204', '3.42847', '4.61499', '5.81811']",0.345386,"['-1', '-1', '-1', '-1', '-1']",603.065,1167.03,-0.000244906,0.00294464,0.00937624,1.37371,-0.209095
0.0278991,0.502,0,5759.34,0.238281,93.9786,1,0,1,942.478,5.28687,-0.868306,0.00064907,"['7.3772', '7.69351', '8.64997', '10.7024', '15.3607', '22.7172', '29.9312', '44.1686', '85.49', '200', '37.8624', '18.7237', '12.8894', '9.93156', '6.94256', '4.99521', '4.12315', '3.72742', '3.62708']",-0.340798,"['4.64208', '4.484', '8.87978', '2.52005']",0.345378,"['-1', '-1', '-1', '-1', '-1']",603.096,1167.02,-0.00025391,0.00296787,0.00554241,1.46998,-0.232462
0.0316222,0.522,0,5759.37,0.268555,93.9786,1,0,1,942.478,5.61276,-0.922014,0.00100901,"['7.38391', '7.70802', '8.67691', '10.7527', '15.4767', '22.9715', '30.3646', '45.1257', '89.1366', '200', '36.1553', '18.3271', '12.7036', '9.82148', '6.88896', '4.96959', '4.10826', '3.71814', '3.62158']",-0.341863,"['3.83047', '5.91868', '2.49865', '9.54193']",0.345372,"['-1', '-1', '-1', '-1', '-1']",603.127,1167.02,-0.000261461,0.00298244,0.00180022,1.55965,-0.252767
0.0356253,0.542,0,5759.4,0.300781,93.9786,1,0,1,942.478,5.94169,-0.980224,0.00129903,"['7.39087', '7.72358', '8.70525', '10.807', '15.6017', '23.2492', '30.8442', '46.1987', '93.4145', '200', '34.4843', '17.9225', '12.5118', '9.70621', '6.83296', '4.94312', '4.09273', '3.70837', '3.61609']",-0.342951,"['5.16985', '5.16637', '9.09393', '3.14858']",0.345368,"['-1', '-1', '-1', '-1', '-1']",603.159,1167.01,-0.000269662,0.00299651,-0.00222325,1.64998,-0.275212
0.0398205,0.562,0,5759.43,0.334961,93.9786,1,0,1,942.478,6.26699,-1.03294,0.00158858,"['7.39929', '7.74131', '8.73682', '10.8661', '15.7384', '23.5511', '31.3668', '47.3857', '98.3707', '200', '32.8759', '17.5105', '12.3118', '9.5853', '6.77351', '4.91383', '4.07528', '3.69739', '3.60938']",-0.344283,"['4.39308', '6.53411', '3.08573', '9.88683']",0.345364,"['-1', '-1', '-1', '-1', '-1']",603.193,1167.01,-0.00027763,0.00300841,-0.00643983,1.73907,-0.297442
0.0443018,0.582,0,5759.47,0.370605,93.9786,1,0,1,942.478,6.59125,-1.09148,0.00182683,"['7.40796', '7.75962', '8.77009', '10.9291', '15.8853', '23.8788', '31.9434', '48.7185', '104.264', '200', '31.3162', '17.0935', '12.1063', '9.46057', '6.71215', '4.88359', '4.0577', '3.68628', '3.60278']",-0.345592,"['5.68131', '5.83541', '9.646', '3.78086']",0.345361,"['-1', '-1', '-1', '-1', '-1']",603.229,1167,-0.000286436,0.00301705,-0.0109432,1.82763,-0.322299
0.0489777,0.602,0,5759.51,0.407715,93.9786,1,0,1,945.83,6.9182,-1.14363,0.00199398,"['7.41772', '7.77976', '8.80565', '10.9968', '16.0423', '24.2304', '32.569', '50.1918', '111.216', '192.938', '29.8261', '16.6775', '11.8974', '9.3321', '6.64761', '4.85177', '4.03884', '3.67419', '3.59546']",-0.347057,"['4.95753', '7.14687', '3.69204', '10.3913']",0.34536,"['-1', '-1', '-1', '-1', '-1']",603.266,1166.99,-0.000295311,0.00302451,-0.0156428,1.91667,-0.34684
0.0539382,0.622,0,5759.54,0.446289,93.9786,1,0,1,996.218,7.24394,-1.20191,0.0021137,"['7.42822', '7.80149', '8.84417', '11.0694', '16.2127', '24.6132', '33.2605', '51.8558', '119.668', '146.598', '28.3884', '16.2556', '11.6821', '9.19934', '6.58065', '4.81826', '4.01859', '3.6615', '3.58777']",-0.348633,"['6.18697', '6.51526', '10.2467', '4.40254']",0.345358,"['-1', '-1', '-1', '-1', '-1']",603.305,1166.99,-0.000305413,0.00302916,-0.0206275,2.00509,-0.374208
0.0591076,0.642,0,5759.59,0.487305,93.9786,1,0,1,1038.26,7.57829,-1.25376,0.00230097,"['7.43921', '7.82395', '8.8845', '11.1461', '16.3933', '25.0227', '34.012', '53.7071', '129.942', '117.144', '27.0272', '15.8402', '11.4672', '9.06461', '6.51237', '4.78449', '3.99832', '3.64856', '3.57996']",-0.350231,"['5.53215', '7.75666', '4.41665', '10.9823']",0.345356,"['-1', '-1', '-1', '-1', '-1']",603.346,1166.98,-0.000316123,0.00302862,-0.0258226,2.09559,-0.40146
0.0645707,0.662,0,5759.63,0.529785,93.9785,1,0,1,1089.15,7.9138,-1.3127,0.00241479,"['7.45166', '7.84863', '8.92847', '11.2293', '16.5904', '25.4703', '34.8451', '55.8151', '142.893', '96.5149', '25.7148', '15.4189', '11.2445', '8.92494', '6.44056', '4.74792', '3.97633', '3.6344', '3.57129']",-0.352051,"['6.69096', '7.22944', '10.9031', '5.16141']",0.345355,"['-1', '-1', '-1', '-1', '-1']",603.389,1166.97,-0.000329707,0.00302067,-0.0313126,2.18604,-0.431986
0.0702537,0.682,0,5759.67,0.574707,93.9784,1,0,1,1136.4,8.2563,-1.36557,0.00248744,"['7.46484', '7.87445', '8.97454', '11.3172', '16.7996', '25.9501', '35.7555', '58.1865', '159.388', '81.5127', '24.4691', '15.0027', '11.0218', '8.78365', '6.36726', '4.71056', '3.95382', '3.61987', '3.56226']",-0.353915,"['6.14278', '8.35943', '5.1979', '11.6267']",0.345353,"['-1', '-1', '-1', '-1', '-1']",603.434,1166.96,-0.0003452,0.00300615,-0.0370234,2.27806,-0.462702
0.0762313,0.702,0,5759.72,0.621094,93.9783,1,0,1,1184.32,8.59739,-1.42648,0.00261279,"['7.47949', '7.90289', '9.02454', '11.4121', '17.0268', '26.4756', '36.7676', '60.909', '181.378', '69.9905', '23.2931', '14.5863', '10.7949', '8.63823', '6.29112', '4.67141', '3.92985', '3.60413', '3.55249']",-0.355979,"['7.17594', '8.01098', '11.5255', '5.9676']",0.345352,"['-1', '-1', '-1', '-1', '-1']",603.481,1166.95,-0.000363109,0.00298738,-0.0430303,2.36923,-0.497083
0.0824455,0.722,0,5759.77,0.668945,93.9783,1,0,1,1235.4,8.94868,-1.48358,0.00277182,"['7.495', '7.93294', '9.07725', '11.5126', '17.2691', '27.045', '37.8806', '64.0175', '200', '60.971', '22.2006', '14.1754', '10.5671', '8.49095', '6.21293', '4.63111', '3.90496', '3.58801', '3.54236']",-0.358132,"['6.88766', '8.65572', '5.9793', '12.2948']",0.345349,"['-1', '-1', '-1', '-1', '-1']",603.529,1166.94,-0.0003825,0.002966,-0.0492744,2.46275,-0.532536
0.0889319,0.742,0,5759.82,0.71875,93.9782,1,0,1,1276.43,9.29042,-1.5412,0.00282195,"['7.51196', '7.96503', '9.13367', '11.6203', '17.5301', '27.6672', '39.1182', '67.6159', '200', '53.6928', '21.1762', '13.7676', '10.3372', '8.34077', '6.1329', '4.58918', '3.87922', '3.57092', '3.53162']",-0.36044,"['6.17631', '10.3395', '12.0652', '6.81024']",0.345349,"['-1', '-1', '-1', '-1', '-1']",603.579,1166.93,-0.000402926,0.00294374,-0.0557922,2.55316,-0.569682
0.0955947,0.762,0,5759.87,0.770508,93.9781,1,0,1,1330.34,9.62261,-1.58533,0.00287242,"['7.53027', '7.99897', '9.19318', '11.7332', '17.807', '28.3382', '40.4748', '71.7532', '200', '47.7822', '20.2217', '13.3681', '10.109', '8.19087', '6.05163', '4.54609', '3.85219', '3.55298', '3.52002']",-0.362926,"['7.94778', '10.668', '6.72557', '12.9558']",0.345347,"['-1', '-1', '-1', '-1', '-1']",603.631,1166.92,-0.000420975,0.00291942,-0.0624876,2.64062,-0.604719
0.102581,0.782,0,5759.92,0.824219,93.978,1,0,1,1364.84,10.002,-1.64898,0.00294297,"['7.54993', '8.0353', '9.25658', '11.855', '18.1069', '29.0771', '42.0019', '76.6639', '200', '42.8033', '19.3113', '12.972', '9.87866', '8.03797', '5.96806', '4.50153', '3.82443', '3.53442', '3.50806']",-0.365523,"['9.12993', '9.3852', '12.6008', '7.59591']",0.345345,"['-1', '-1', '-1', '-1', '-1']",603.685,1166.91,-0.000435378,0.00289628,-0.0695081,2.74029,-0.647877
0.109777,0.802,0,5759.98,0.879883,93.978,1,0,1,1417.66,10.388,-1.71452,0.00304117,"['7.57104', '8.07377', '9.32372', '11.9836', '18.4268', '29.8794', '43.6988', '82.466', '200', '38.6158', '18.4541', '12.5836', '9.64934', '7.884', '5.88322', '4.45583', '3.79538', '3.51501', '3.49548']",-0.368297,"['8.28574', '8.76214', '7.43299', '13.5172']",0.345343,"['-1', '-1', '-1', '-1', '-1']",603.741,1166.89,-0.000451089,0.00287122,-0.0767384,2.84105,-0.694
0.117227,0.822,0,5760.03,0.936523,93.9779,1,0,1,1440.07,10.7633,-1.78732,0.00319916,"['7.59374', '8.11504', '9.39528', '12.1209', '18.7709', '30.7602', '45.6059', '89.465', '200', '35.0325', '17.6408', '12.2011', '9.42', '7.72887', '5.7963', '4.40855', '3.7652', '3.49451', '3.48193']",-0.371271,"['7.25303', '9.44344', '12.9539', '8.35719']",0.34534,"['-1', '-1', '-1', '-1', '-1']",603.799,1166.88,-0.00047149,0.00284596,-0.0842242,2.93802,-0.743949
0.124859,0.842,0,5760.09,0.996094,93.9778,1,0,1,1503.13,11.0982,-1.82678,0.00324896,"['7.61816', '8.15834', '9.47011', '12.2655', '19.1361', '31.7163', '47.7362', '97.9605', '200', '31.9592', '16.8752', '11.8287', '9.19426', '7.57483', '5.70897', '4.36035', '3.73452', '3.47351', '3.4679']",-0.374379,"['7.47796', '10.9776', '8.07604', '14.1283']",0.345338,"['-1', '-1', '-1', '-1', '-1']",603.859,1166.86,-0.000489347,0.00282709,-0.0918936,3.02384,-0.785921
0.13278,0.862,0,5760.16,1.05713,93.9777,1,0,1,1516.96,11.4361,-1.87294,0.00326081,"['7.64428', '8.20449', '9.54997', '12.4195', '19.531', '32.7745', '50.1652', '108.634', '200', '29.263', '16.1431', '11.4622', '8.96761', '7.41868', '5.6198', '4.31083', '3.70245', '3.45154', '3.45312']",-0.377686,"['9.33113', '12.3012', '13.3812', '9.11133']",0.345335,"['-1', '-1', '-1', '-1', '-1']",603.92,1166.85,-0.00050464,0.0028152,-0.0998532,3.10968,-0.831831
0.140906,0.882,0,5760.22,1.12012,93.9777,1,0,1,1582.41,11.7886,-1.9304,0.00325343,"['7.67194', '8.25321', '9.63394', '12.5825', '19.952', '33.9348', '52.9233', '122.263', '138.269', '26.9064', '15.4504', '11.1046', '8.74447', '7.26325', '5.52966', '4.26049', '3.66973', '3.42871', '3.43774']",-0.38117,"['10.6139', '12.8289', '8.69686', '14.672']",0.345332,"['-1', '-1', '-1', '-1', '-1']",603.983,1166.83,-0.000523763,0.00280513,-0.108018,3.19843,-0.883567
0.149338,0.902,0,5760.28,1.18506,93.9776,1,0,1,1595.52,12.1904,-1.99715,0.00325934,"['7.70222', '8.30534', '9.7241', '12.7575', '20.4085', '35.2289', '56.1189', '140.49', '97.9597', '24.806', '14.7842', '10.7524', '8.52001', '7.10596', '5.43785', '4.20802', '3.63511', '3.40466', '3.42126']",-0.384899,"['10.9861', '11.8115', '13.8161', '9.85118']",0.345329,"['-1', '-1', '-1', '-1', '-1']",604.049,1166.81,-0.000542977,0.00279339,-0.116491,3.29962,-0.94167
0.157972,0.922,0,5760.35,1.25098,93.9775,1,0,1,1667.18,12.5988,-2.0682,0.00332679,"['7.73447', '8.36058', '9.81902', '12.9424', '20.8977', '36.6595', '59.809', '165.693', '75.1936', '22.9515', '14.1514', '10.4079', '8.29831', '6.94901', '5.34472', '4.15462', '3.59973', '3.37952', '3.40381']",-0.388849,"['9.7122', '10.9861', '9.36358', '15.2301']",0.345325,"['-1', '-1', '-1', '-1', '-1']",604.116,1166.79,-0.000563351,0.00278163,-0.125167,3.40145,-1.00392
0.166868,0.942,0,5760.42,1.31934,93.9774,1,0,1,1667.46,12.9876,-2.13183,0.00341267,"['7.76907', '8.41922', '9.91984', '13.1399', '21.4242', '38.2588', '64.1424', '200', '60.4966', '21.3376', '13.5471', '10.071', '8.07841', '6.79193', '5.25035', '4.09987', '3.56328', '3.35352', '3.3855']",-0.393022,"['9.14396', '11.2196', '14.1386', '10.6007']",0.34532,"['-1', '-1', '-1', '-1', '-1']",604.185,1166.77,-0.000586599,0.00276949,-0.134105,3.49709,-1.06596
0.175986,0.962,0,5760.49,1.38916,93.9773,1,0,1,1756.01,13.3373,-2.18322,0.00358813,"['7.80571', '8.48119', '10.0262', '13.3487', '21.9913', '40.0451', '69.2703', '200', '50.2687', '19.9183', '12.9713', '9.74191', '7.86092', '6.63519', '5.15562', '4.04396', '3.5256', '3.32654', '3.36646']",-0.397394,"['9.25332', '12.2706', '10.0023', '15.8763']",0.345315,"['-1', '-1', '-1', '-1', '-1']",604.255,1166.75,-0.000607355,0.0027623,-0.143267,3.5813,-1.12593
0.185373,0.982,0,5760.56,1.46094,93.9773,1,0,1,1742.39,13.6917,-2.22819,0.00367334,"['7.84484', '8.54701', '10.139', '13.572', '22.6032', '42.0639', '75.4604', '200', '42.7104', '18.641', '12.42', '9.41998', '7.64555', '6.47869', '5.05957', '3.98695', '3.48682', '3.29846', '3.34631']",-0.402033,"['10.9171', '13.5672', '14.5124', '11.3739']",0.345311,"['-1', '-1', '-1', '-1', '-1']",604.328,1166.73,-0.00062844,0.00275748,-0.1527,3.66598,-1.18673
0.195937,1.004,0,5760.64,1.54248,93.9772,1,0,1,1801.31,14.0907,-2.28967,0.00369604,"['7.89089', '8.62329', '10.2702', '13.833', '23.3299', '44.587', '83.8614', '200', '36.4263', '17.3802', '11.8423', '9.07551', '7.41139', '6.30703', '4.95284', '3.92297', '3.44289', '3.26624', '3.323']",-0.407404,"['12.5241', '14.4847', '12.7669', '14.1777']",0.345306,"['-1', '-1', '-1', '-1', '-1']",604.41,1166.7,-0.000652551,0.00275711,-0.163315,3.75983,-1.26027
0.205854,1.024,0,5760.72,1.61816,93.9771,1,0,1,1865.51,14.5124,-2.35842,0.00375077,"['7.93595', '8.69781', '10.398', '14.0889', '24.05', '47.2395', '93.5981', '200', '31.9277', '16.3309', '11.3381', '8.76744', '7.19983', '6.15038', '4.85449', '3.86317', '3.40135', '3.23582', '3.30054']",-0.412598,"['11.7178', '13.6464', '13.0121', '14.3133']",0.345301,"['20.0402', '17.9736', '16.3309', '14.9832', '13.8537']",604.486,1166.67,-0.000675285,0.00274851,-0.173279,3.85925,-1.33642
0.215991,1.044,0,5760.79,1.69482,93.977,1,0,1,1879.44,14.9201,-2.42947,0.0038092,"['7.98391', '8.77662', '10.5331', '14.3609', '24.8274', '50.2895', '106.139', '200', '28.2773', '15.369', '10.8549', '8.46705', '6.99089', '5.99418', '4.75516', '3.80175', '3.35868', '3.20397', '3.27686']",-0.41808,"['11.0187', '13.2184', '13.2283', '14.9142']",0.345296,"['-1', '-1', '-1', '-1', '-1']",604.564,1166.65,-0.000701527,0.00274099,-0.183465,3.95328,-1.41551
0.226395,1.064,0,5760.87,1.77393,93.977,1,0,1,1948.66,15.3034,-2.48155,0.00397325,"['8.03473', '8.85989', '10.6763', '14.6516', '25.6735', '53.8414', '122.95', '137.034', '25.2525', '14.48', '10.3918', '8.17384', '6.78463', '5.83882', '4.6553', '3.73957', '3.31475', '3.1712', '3.2522']",-0.423806,"['11.0099', '13.4821', '13.5243', '14.9865']",0.34529,"['-1', '-1', '-1', '-1', '-1']",604.644,1166.62,-0.000726737,0.00273281,-0.193918,4.04004,-1.49127
0.237019,1.084,0,5760.95,1.854,93.9769,1,0,1,1971.16,15.6655,-2.53733,0.00409549,"['8.08899', '8.94807', '10.8279', '14.9617', '26.6013', '58.0109', '146.527', '87.8119', '22.7096', '13.6578', '9.94705', '7.88728', '6.58007', '5.68386', '4.55434', '3.67615', '3.26953', '3.13672', '3.22614']",-0.429843,"['11.4817', '14.7563', '13.6785', '15.8476']",0.345285,"['-1', '-1', '-1', '-1', '-1']",604.725,1166.59,-0.000752517,0.00272949,-0.204598,4.11926,-1.56979
0.247915,1.104,0,5761.03,1.93652,93.9768,1,0,1,2028.78,16.0316,-2.5805,0.00412525,"['8.14685', '9.04139', '10.9892', '15.2937', '27.6222', '62.9918', '182.105', '63.7512', '20.6082', '12.8915', '9.52017', '7.60703', '6.37847', '5.52961', '4.45265', '3.61121', '3.2229', '3.10132', '3.19898']",-0.436191,"['12.8916', '15.7857', '14.0551', '15.6005']",0.345282,"['-1', '-1', '-1', '-1', '-1']",604.809,1166.55,-0.000779586,0.00272466,-0.21555,4.19868,-1.64809
0.25903,1.124,0,5761.12,2.021,93.9767,1,0,1,2063.85,16.3964,-2.63391,0.0041187,"['8.20801', '9.14043', '11.1597', '15.6488', '28.7472', '69.0054', '200', '49.5409', '18.8425', '12.1776', '9.10955', '7.33262', '6.17888', '5.3757', '4.35006', '3.54541', '3.17505', '3.06445', '3.17037']",-0.442849,"['14.0083', '16.8701', '14.201', '16.7063']",0.345278,"['-1', '-1', '-1', '-1', '-1']",604.894,1166.52,-0.000805144,0.00272501,-0.226723,4.27547,-1.73193
0.27043,1.144,0,5761.2,2.10596,93.9767,1,0,1,2111.54,16.802,-2.69308,0.00415033,"['8.27344', '9.24543', '11.3416', '16.03', '29.9964', '76.4467', '200', '40.1086', '17.3104', '11.507', '8.71354', '7.0637', '5.98111', '5.22208', '4.24685', '3.47778', '3.12549', '3.02576', '3.14014']",-0.449885,"['14.5409', '17.308', '14.7893', '16.1047']",0.345273,"['-1', '-1', '-1', '-1', '-1']",604.98,1166.48,-0.000833231,0.00272042,-0.238182,4.36106,-1.82311
0.282052,1.164,0,5761.29,2.19336,93.9766,1,0,1,2153.16,17.2097,-2.75926,0.00421206,"['8.34234', '9.35617', '11.5337', '16.4378', '31.3824', '85.8174', '200', '33.4247', '15.9679', '10.8793', '8.33329', '6.80256', '5.78696', '5.06993', '4.14315', '3.4093', '3.07495', '2.98608', '3.10851']",-0.457187,"['14.5493', '17.1164', '14.6718', '17.5569']",0.345268,"['-1', '-1', '-1', '-1', '-1']",605.068,1166.45,-0.000862795,0.00271491,-0.249865,4.44475,-1.9195
0.293958,1.184,0,5761.38,2.28174,93.9765,1,0,1,2199.94,17.655,-2.82415,0.00434906,"['8.41614', '9.47405', '11.7391', '16.8776', '32.9372', '98.0494', '200', '28.4133', '14.7672', '10.2867', '7.9648', '6.54523', '5.59353', '4.917', '4.0378', '3.33887', '3.02234', '2.94434', '3.07496']",-0.464933,"['14.0034', '16.5904', '15.5571', '16.6869']",0.345262,"['-1', '-1', '-1', '-1', '-1']",605.158,1166.41,-0.000892506,0.00269887,-0.261832,4.53642,-2.02167
0.306096,1.204,0,5761.47,2.37256,93.9764,1,0,1,2252.07,18.0757,-2.89436,0.00452575,"['8.49411', '9.59878', '11.9567', '17.3497', '34.681', '114.569', '195.25', '24.5322', '13.6909', '9.7289', '7.60961', '6.29363', '5.40273', '4.76541', '3.93222', '3.26733', '2.96863', '2.90125', '3.03995']",-0.473011,"['13.6078', '16.4016', '14.9963', '18.6385']",0.345257,"['-1', '-1', '-1', '-1', '-1']",605.25,1166.37,-0.00092728,0.00267733,-0.274032,4.61875,-2.12704
0.318528,1.224,0,5761.56,2.46387,93.9763,1,0,1,2297.84,18.5063,-2.94898,0.00461526,"['8.57695', '9.73095', '12.189', '17.8597', '36.6596', '138.223', '95.9744', '21.4392', '12.7147', '9.19985', '7.26669', '6.04729', '5.21386', '4.614', '3.82568', '3.19446', '2.91309', '2.85657', '3.00342']",-0.481468,"['13.6905', '16.6854', '16.2331', '17.4491']",0.345253,"['-1', '-1', '-1', '-1', '-1']",605.343,1166.32,-0.000962461,0.00264535,-0.286526,4.7024,-2.23263
0.331223,1.244,0,5761.66,2.55713,93.9762,1,0,1,2356.57,18.9128,-3.00682,0.00474675,"['8.66503', '9.87111', '12.4366', '18.4099', '38.9158', '174.743', '62.3468', '19.0234', '11.8245', '8.69942', '6.9348', '5.80564', '5.02713', '4.46321', '3.71839', '3.12012', '2.85596', '2.81006', '2.96475']",-0.490323,"['14.1728', '17.6712', '15.7554', '19.3798']",0.345248,"['-1', '-1', '-1', '-1', '-1']",605.438,1166.28,-0.000998782,0.00261021,-0.299286,4.7768,-2.3409
0.344252,1.264,0,5761.75,2.65234,93.9761,1,0,1,2399.24,19.3418,-3.05586,0.00495022,"['8.75852', '10.0205', '12.7017', '19.0081', '41.5215', '200', '45.3636', '17.0439', '11.0062', '8.22262', '6.6122', '5.56784', '4.84161', '4.31262', '3.60985', '3.04419', '2.79712', '2.7616', '2.92406']",-0.4996,"['15.2186', '18.6992', '16.7368', '18.3955']",0.345243,"['-1', '-1', '-1', '-1', '-1']",605.534,1166.23,-0.00103911,0.00256498,-0.312381,4.85508,-2.45254
0.357561,1.284,0,5761.85,2.74902,93.9759,1,0,1,2463.75,19.7645,-3.10825,0.00499897,"['8.85824', '10.1793', '12.9853', '19.6565', '44.5499', '200', '35.1422', '15.3722', '10.2506', '7.76797', '6.29966', '5.33449', '4.65781', '4.16195', '3.50014', '2.96667', '2.73633', '2.71106', '2.88126']",-0.509344,"['16.1707', '19.7058', '16.8075', '20.0069']",0.345239,"['-1', '-1', '-1', '-1', '-1']",605.632,1166.18,-0.00107968,0.0025206,-0.325756,4.92856,-2.56837
0.371227,1.304,0,5761.95,2.84717,93.9758,1,0,1,2510.4,20.2308,-3.16674,0.00505557,"['8.96432', '10.3485', '13.2897', '20.3646', '48.1261', '200', '28.2818', '13.9265', '9.54998', '7.33349', '5.995', '5.10447', '4.47478', '4.01134', '3.38951', '2.88721', '2.67358', '2.65845', '2.83618']",-0.519531,"['16.9488', '20.367', '17.4879', '19.3344']",0.345235,"['-1', '-1', '-1', '-1', '-1']",605.732,1166.13,-0.00112333,0.00246583,-0.33949,5.00972,-2.6939
0.385206,1.324,0,5762.04,2.94629,93.9756,1,0,1,2568.14,20.6982,-3.22825,0.00507528,"['9.07684', '10.5287', '13.616', '21.1354', '52.3917', '200', '23.3717', '12.6627', '8.89912', '6.91873', '5.69924', '4.87872', '4.2938', '3.86128', '3.27806', '2.80627', '2.60925', '2.60413', '2.78894']",-0.53014,"['17.3522', '20.6951', '17.91', '20.4865']",0.345231,"['-1', '-1', '-1', '-1', '-1']",605.833,1166.07,-0.0011717,0.0024098,-0.353536,5.08744,-2.82466
0.399551,1.344,0,5762.15,3.04736,93.9755,1,0,1,2642.84,21.2015,-3.29168,0.00506904,"['9.19705', '10.7214', '13.9681', '21.9807', '57.5848', '109.013', '19.7399', '11.5388', '8.28955', '6.52033', '5.41095', '4.65589', '4.11374', '3.71059', '3.16502', '2.72351', '2.54236', '2.547', '2.73889']",-0.541304,"['17.3753', '20.5918', '18.4273', '20.3771']",0.345226,"['-1', '-1', '-1', '-1', '-1']",605.936,1166.01,-0.00122114,0.00234815,-0.367951,5.17056,-2.96402
0.414244,1.364,0,5762.25,3.1499,93.9753,1,0,1,2693.61,21.7059,-3.35814,0.00508435,"['9.32481', '10.9267', '14.3466', '22.906', '64.0178', '59.8012', '17.0546', '10.5351', '7.72009', '6.13854', '5.13001', '4.43647', '3.93526', '3.56015', '3.05094', '2.63892', '2.47363', '2.48767', '2.68652']",-0.552934,"['17.2853', '20.6257', '18.8517', '21.304']",0.34522,"['-1', '-1', '-1', '-1', '-1']",606.04,1165.95,-0.00127613,0.00228311,-0.382715,5.24951,-3.1091
0.429306,1.384,0,5762.35,3.25391,93.9752,1,0,1,2778.11,22.222,-3.41914,0.00511035,"['9.46101', '11.1467', '14.756', '23.9237', '72.2012', '40.0663', '14.9194', '9.62836', '7.1833', '5.77116', '4.8561', '4.22', '3.75731', '3.4096', '2.93574', '2.55237', '2.40259', '2.42578', '2.63098']",-0.565119,"['17.2645', '20.784', '19.4547', '21.3983']",0.345214,"['-1', '-1', '-1', '-1', '-1']",606.146,1165.89,-0.00133359,0.00221445,-0.397849,5.32771,-3.25895
0.444743,1.404,0,5762.46,3.35986,93.975,1,0,1,2845.96,22.7361,-3.47986,0.0051564,"['9.60673', '11.3821', '15.1989', '25.0568', '82.9455', '29.414', '13.1546', '8.8035', '6.67736', '5.41689', '4.58801', '4.00613', '3.57997', '3.25842', '2.81863', '2.46338', '2.32874', '2.36096', '2.57214']",-0.577903,"['17.4742', '21.2618', '19.8891', '22.3573']",0.345208,"['-1', '-1', '-1', '-1', '-1']",606.253,1165.82,-0.00139365,0.00214544,-0.413359,5.40076,-3.41362
0.460587,1.424,0,5762.56,3.46631,93.9748,1,0,1,2917.72,23.2661,-3.53568,0.0051759,"['9.76216', '11.6347', '15.6791', '26.3275', '97.6761', '22.7358', '11.6611', '8.05118', '6.19917', '5.07574', '4.32621', '3.79515', '3.40388', '3.10736', '2.70046', '2.37244', '2.25269', '2.29346', '2.51013']",-0.591242,"['17.91', '21.8933', '20.6853', '22.4002']",0.345201,"['-1', '-1', '-1', '-1', '-1']",606.362,1165.75,-0.00145665,0.00207245,-0.429276,5.47341,-3.57409
0.476833,1.444,0,5762.67,3.57422,93.9747,1,0,1,3014.04,23.7973,-3.58825,0.00519511,"['9.92797', '11.9056', '16.2012', '27.7604', '119.073', '18.3056', '10.3759', '7.35961', '5.74666', '4.74643', '4.07019', '3.58694', '3.22862', '2.95612', '2.58091', '2.27942', '2.17395', '2.2229', '2.4447']",-0.605158,"['18.5282', '22.7013', '21.188', '23.3981']",0.345193,"['-1', '-1', '-1', '-1', '-1']",606.472,1165.68,-0.00152063,0.00199951,-0.445596,5.54148,-3.73931
0.493528,1.464,0,5762.78,3.68359,93.9745,1,0,1,3100.97,24.352,-3.63598,0.00520128,"['10.1057', '12.1979', '16.7711', '29.3905', '153.041', '15.25', '9.25048', '6.71997', '5.31605', '4.42725', '3.81869', '3.38065', '3.05377', '2.80399', '2.45973', '2.18396', '2.09253', '2.14905', '2.37549']",-0.619718,"['19.1863', '23.4527', '22.1016', '23.7766']",0.345186,"['-1', '-1', '-1', '-1', '-1']",606.583,1165.6,-0.0015844,0.00192323,-0.462367,5.61028,-3.91183
0.510699,1.484,0,5762.89,3.79443,93.9742,1,0,1,3205.48,24.9239,-3.67954,0.00517121,"['10.2963', '12.5131', '17.3959', '31.2599', '200', '12.917', '8.25472', '6.12607', '4.90503', '4.11783', '3.57224', '3.17603', '2.87898', '2.65135', '2.33665', '2.08622', '2.00806', '2.07178', '2.302']",-0.634943,"['19.7851', '24.1171', '22.8849', '24.5246']",0.345177,"['-1', '-1', '-1', '-1', '-1']",606.696,1165.52,-0.00164752,0.00184249,-0.479614,5.67768,-4.09154
0.528372,1.504,0,5763,3.90576,93.974,1,0,1,3309.87,25.5152,-3.71764,0.00515718,"['10.501', '12.8543', '18.082', '33.4259', '200', '11.048', '7.36594', '5.57255', '4.5128', '3.81745', '3.33004', '2.97336', '2.7046', '2.49804', '2.21167', '1.98542', '1.92041', '1.99072', '2.22412']",-0.650857,"['20.2958', '24.701', '23.7358', '25.2215']",0.345169,"['-1', '-1', '-1', '-1', '-1']",606.811,1165.44,-0.00171027,0.00175632,-0.497364,5.74384,-4.27879
0.546567,1.524,0,5763.12,4.01855,93.9738,1,0,1,3421.69,26.1226,-3.74901,0.00512589,"['10.7205', '13.2233', '18.838', '35.9609', '200', '9.50519', '6.56725', '5.05535', '4.13779', '3.52586', '3.09256', '2.77302', '2.53073', '2.34434', '2.08544', '1.88269', '1.82959', '1.90601', '2.14148']",-0.667436,"['20.7442', '25.2488', '24.6342', '25.9727']",0.34516,"['-1', '-1', '-1', '-1', '-1']",606.926,1165.35,-0.00177385,0.00166647,-0.515637,5.8076,-4.47324
0.56531,1.544,0,5763.23,4.13379,93.9735,1,0,1,3543.15,26.7452,-3.77105,0.00505204,"['10.9574', '13.6249', '19.6747', '38.9682', '119.756', '8.2027', '5.84229', '4.57004', '3.7781', '3.24178', '2.85844', '2.57373', '2.35696', '2.18951', '1.95693', '1.77675', '1.73523', '1.81702', '2.05359']",-0.68477,"['21.1753', '25.8067', '25.6084', '26.7892']",0.34515,"['-1', '-1', '-1', '-1', '-1']",607.043,1165.26,-0.00183835,0.00157466,-0.534459,5.86853,-4.67451
0.584642,1.564,0,5763.35,4.24854,93.9733,1,0,1,3677.24,27.3831,-3.78088,0.00494075,"['11.2128', '14.0627', '20.6052', '42.5916', '40.5361', '7.08425', '5.18072', '4.1129', '3.43275', '2.96536', '2.62809', '2.37585', '2.1832', '2.03374', '1.8265', '1.66778', '1.63733', '1.72339', '1.96021']",-0.702859,"['21.6181', '26.3957', '26.6823', '27.691']",0.345141,"['-1', '-1', '-1', '-1', '-1']",607.161,1165.16,-0.001903,0.00148167,-0.553869,5.92644,-4.88241
0.604613,1.584,0,5763.46,4.36523,93.973,1,0,1,3828.31,28.037,-3.77508,0.00493715,"['11.4888', '14.5413', '21.6423', '47.0435', '22.5058', '6.11141', '4.57573', '3.68225', '3.10079', '2.69623', '2.40149', '2.17987', '2.0097', '1.87756', '1.69421', '1.55615', '1.53581', '1.62539', '1.86112']",-0.72168,"['22.0793', '27.0191', '27.8874', '28.7096']",0.345129,"['-1', '-1', '-1', '-1', '-1']",607.28,1165.06,-0.00196653,0.00138744,-0.573922,5.9813,-5.09683
0.62529,1.604,0,5763.58,4.48291,93.9727,1,0,1,4003.82,28.708,-3.74888,0.00492329,"['11.7886', '15.0676', '22.8074', '52.6538', '15.0633', '5.25355', '4.01694', '3.27339', '2.78076', '2.43317', '2.1778', '1.98474', '1.83594', '1.72009', '1.55969', '1.44116', '1.43021', '1.52232', '1.75502']",-0.741322,"['22.5535', '27.6746', '29.2777', '29.8977']",0.345119,"['-1', '-1', '-1', '-1', '-1']",607.4,1164.96,-0.00202728,0.00129133,-0.594689,6.03323,-5.31754
0.646719,1.624,0,5763.7,4.60107,93.9723,1,0,1,4213.94,29.4015,-3.68524,0.00493748,"['12.1144', '15.6476', '24.1308', '59.9315', '11.1022', '4.49199', '3.50039', '2.88635', '2.47211', '2.17633', '1.9574', '1.79083', '1.66199', '1.56165', '1.42297', '1.323', '1.32031', '1.41387', '1.64221']",-0.761763,"['23.0325', '28.3436', '30.9286', '31.3304']",0.345109,"['-1', '-1', '-1', '-1', '-1']",607.522,1164.85,-0.00207801,0.00118972,-0.616208,6.08547,-5.54224
0.668975,1.644,0,5763.82,4.71973,93.972,1,0,1,4459.68,30.1126,-3.59119,0.00492095,"['12.4698', '16.291', '25.6562', '69.7648', '8.4389', '3.8106', '3.02065', '2.51862', '2.17383', '1.92548', '1.73981', '1.5979', '1.48792', '1.40222', '1.28406', '1.20129', '1.20593', '1.29952', '1.52141']",-0.783048,"['23.516', '29.0446', '32.8343', '33.0397']",0.345098,"['-1', '-1', '-1', '-1', '-1']",607.644,1164.73,-0.00211538,0.0010804,-0.638554,6.13501,-5.77264
0.692213,1.664,0,5763.94,4.83984,93.9716,1,0,1,4745.94,30.8386,-3.46136,0.00490399,"['12.8603', '17.0104', '27.4402', '83.8451', '6.48487', '3.19529', '2.57339', '2.16797', '1.88568', '1.67987', '1.52515', '1.40625', '1.31384', '1.2417', '1.14294', '1.07629', '1.08691', '1.1791', '1.39229']",-0.805176,"['23.9926', '29.7743', '35.0357', '35.0357']",0.345086,"['-1', '-1', '-1', '-1', '-1']",607.767,1164.62,-0.00214503,0.000966913,-0.661884,6.18078,-6.00863
0.716575,1.684,0,5764.06,4.96094,93.9711,1,0,1,5111.87,31.5789,-3.28681,0.00479355,"['13.2918', '17.8209', '29.5597', '105.756', '4.97784', '2.63666', '2.15466', '1.83362', '1.60681', '1.43958', '1.31305', '1.21533', '1.1394', '1.08008', '0.999268', '0.947266', '0.963013', '1.05212', '1.25371']",-0.828169,"['24.4597', '30.53', '37.7151', '37.7151']",0.345075,"['-1', '-1', '-1', '-1', '-1']",607.891,1164.49,-0.00216981,0.000853167,-0.686338,6.22278,-6.24958
0.742234,1.704,0,5764.18,5.08203,93.9706,1,0,1,5568.12,32.3338,-3.05635,0.00454805,"['13.7714', '18.7435', '32.1262', '144.69', '3.77583', '2.12788', '1.76276', '1.51453', '1.33655', '1.20422', '1.10345', '1.02551', '0.9646', '0.917236', '0.853271', '0.814453', '0.833618', '0.917603', '1.10438']",-0.852051,"['24.9129', '31.3143', '41.0642', '41.0642']",0.345063,"['-1', '-1', '-1', '-1', '-1']",608.016,1164.37,-0.00218831,0.000740292,-0.712089,6.26149,-6.49492
0.769355,1.724,0,5764.3,5.2041,93.97,1,0,1,6101.97,33.1018,-2.76333,0.00433403,"['14.3097', '19.8031', '35.305', '200', '2.79506', '1.66205', '1.39441', '1.20935', '1.07471', '0.973877', '0.896423', '0.836304', '0.789551', '0.753174', '0.704224', '0.677368', '0.698242', '0.775024', '0.942993']",-0.876864,"['25.3497', '32.1212', '44.9871', '44.9871']",0.345049,"['-1', '-1', '-1', '-1', '-1']",608.142,1164.23,-0.00220022,0.000628521,-0.739304,6.29617,-6.74496
0.798086,1.744,0,5764.42,5.32666,93.9693,1,0,1,6715.08,33.8812,-2.40267,0.00405545,"['14.9172', '21.0325', '39.3451', '200', '1.98164', '1.23541', '1.04926', '0.917908', '0.821411', '0.748413', '0.6922', '0.648315', '0.61438', '0.587769', '0.552734', '0.535767', '0.556519', '0.623291', '0.767639']",-0.902588,"['25.7682', '32.9438', '49.5075', '49.5075']",0.345034,"['-1', '-1', '-1', '-1', '-1']",608.268,1164.1,-0.00220857,0.000517721,-0.768128,6.32586,-7.0003
0.82855,1.764,0,5764.55,5.4502,93.9686,1,0,1,7365.21,34.6701,-1.9706,0.00388526,"['15.6087', '22.4707', '44.6513', '10.0694', '1.29807', '0.844238', '0.725159', '0.639893', '0.576416', '0.528137', '0.490845', '0.46167', '0.438843', '0.421387', '0.398682', '0.389526', '0.408081', '0.461304', '0.575867']",-0.929244,"['26.1669', '33.7752', '54.3103', '54.3103']",0.345017,"['-1', '-1', '-1', '-1', '-1']",608.395,1163.95,-0.00221779,0.000406851,-0.798685,6.3494,-7.26173
0.860796,1.784,0,5764.67,5.57275,93.9677,1,0,1,8041.36,35.4709,-1.44813,0.00361559,"['16.4009', '24.1849', '51.9034', '3.20501', '0.717896', '0.484741', '0.421082', '0.374634', '0.339661', '0.312988', '0.292114', '0.275879', '0.263306', '0.253662', '0.241333', '0.237915', '0.251465', '0.287354', '0.364136']",-0.956854,"['26.5471', '34.579', '59.3127', '59.3127']",0.345,"['-1', '-1', '-1', '-1', '-1']",608.522,1163.8,-0.00222702,0.000292273,-0.831025,6.36996,-7.52778
0.894804,1.804,0,5764.79,5.69629,93.9668,1,0,1,8684.04,36.2759,-0.846986,0.00347216,"['17.3129', '26.264', '62.3494', '0.735458', '0.220642', '0.154236', '0.135254', '0.121338', '0.11084', '0.102661', '0.0963135', '0.0913086', '0.0875244', '0.0845947', '0.0810547', '0.0805664', '0.0859375', '0.0993652', '0.128052']",-0.98544,"['26.9059', '35.3784', '64.132', '64.132']",0.34498,"['-1', '-1', '-1', '-1', '-1']",608.65,1163.65,-0.00223491,0.000169801,-0.865127,6.38331,-7.80046
0.930608,1.824,0,5764.92,5.81982,93.9658,1,0,1,9063.97,37.0737,-0.173208,0.00329544,"['-1', '-1', '-1', '-1', '-1', '-1', '-1', '-1', '-1', '-1', '-1', '-1', '-1', '-1', '-1', '-1', '-1', '-1', '-1']",-1.01503,"['27.2381', '36.1587', '67.034', '67.034']",0.344961,"['-1', '-1', '-1', '-1', '-1']",608.777,1163.49,-0.00225356,4.35329e-05,-0.901025,6.3852,-8.07995
0.968175,1.844,0,5765.04,5.94287,93.9649,1,0,1,9282.78,37.8476,0.567828,0.00311922,"['-1', '-1', '-1', '-1', '-1', '-1', '-1', '-1', '-1', '-1', '-1', '-1', '-1', '-1', '-1', '-1', '-1', '-1', '-1']",-1.04568,"['27.536', '36.8978', '68.6972', '68.6972']",0.34494,"['-1', '-1', '-1', '-1', '-1']",608.905,1163.33,-0.0022931,-7.38382e-05,-0.938686,6.37117,-8.36426
1.00744,1.864,0,5765.16,6.06543,93.964,1,0,1,9421.05,38.5862,1.37194,0.00288782,"['-1', '-1', '-1', '-1', '-1', '-1', '-1', '-1', '-1', '-1', '-1', '-1', '-1', '-1', '-1', '-1', '-1', '-1', '-1']",-1.07733,"['27.7937', '37.5822', '69.7429', '69.7429']",0.344918,"['-1', '-1', '-1', '-1', '-1']",609.032,1163.16,-0.0023584,-0.000166901,-0.97804,6.33863,-8.65164
1.04829,1.884,0,5765.29,6.18701,93.9631,1,0,1,9523.31,39.2816,2.23494,0.0026835,"['-1', '-1', '-1', '-1', '-1', '-1', '-1', '-1', '-1', '-1', '-1', '-1', '-1', '-1', '-1', '-1', '-1', '-1', '-1']",-1.11004,"['28.0078', '38.2035', '70.508', '70.508']",0.344895,"['-1', '-1', '-1', '-1', '-1']",609.158,1162.98,-0.00244878,-0.00022521,-1.01899,6.28607,-8.94051
1.09064,1.904,0,5765.41,6.30713,93.9622,1,0,1,9289.72,39.9251,3.15093,0.00260956,"['-1', '-1', '-1', '-1', '-1', '-1', '-1', '-1', '-1', '-1', '-1', '-1', '-1', '-1', '-1', '-1', '-1', '-1', '-1']",-1.14375,"['28.1747', '38.7569', '69.223', '69.223']",0.344872,"['-1', '-1', '-1', '-1', '-1']",609.283,1162.8,-0.00255756,-0.000245008,-1.06143,6.21184,-9.22897
1.13436,1.924,0,5765.52,6.42529,93.9614,1,0,1,9136.54,40.482,4.1142,0.00232621,"['-1', '-1', '-1', '-1', '-1', '-1', '-1', '-1', '-1', '-1', '-1', '-1', '-1', '-1', '-1', '-1', '-1', '-1', '-1']",-1.17853,"['28.2813', '39.2253', '69.472', '69.2032']",0.344848,"['-1', '-1', '-1', '-1', '-1']",609.406,1162.61,-0.00267919,-0.000214613,-1.10524,6.11165,-9.5081
1.17958,1.944,0,5765.64,6.54102,93.9606,1,0,1,9398.24,40.9504,5.13026,0.00201374,"['-1', '-1', '-1', '-1', '-1', '-1', '-1', '-1', '-1', '-1', '-1', '-1', '-1', '-1', '-1', '-1', '-1', '-1', '-1']",-1.21427,"['28.2936', '39.6317', '69.9156', '69.9156']",0.344824,"['-1', '-1', '-1', '-1', '-1']",609.527,1162.42,-0.00279632,-0.000114311,-1.15055,5.987,-9.77651
1.22622,1.964,0,5765.75,6.6543,93.9598,1,0,1,9594.43,41.3443,6.19118,0.00169407,"['-1', '-1', '-1', '-1', '-1', '-1', '-1', '-1', '-1', '-1', '-1', '-1', '-1', '-1', '-1', '-1', '-1', '-1', '-1']",-1.25093,"['28.2416', '39.956', '70.8472', '70.8472']",0.344799,"['-1', '-1', '-1', '-1', '-1']",609.645,1162.22,-0.0029139,3.47675e-05,-1.19727,5.83947,-10.0376
1.27419,1.984,0,5765.86,6.76367,93.959,1,0,1,9549.54,41.6576,7.29276,0.00132538,"['-1', '-1', '-1', '-1', '-1', '-1', '-1', '-1', '-1', '-1', '-1', '-1', '-1', '-1', '-1', '-1', '-1', '-1', '-1']",-1.28855,"['28.1254', '40.1951', '70.2573', '70.2573']",0.344773,"['-1', '-1', '-1', '-1', '-1']",609.76,1162.02,-0.00303635,0.000210471,-1.24533,5.66956,-10.2889
1.32838,2.006,0,5765.98,6.87988,93.9583,1,0,1,9133.6,41.8698,8.56756,0.00102586,"['-1', '-1', '-1', '-1', '-1', '-1', '-1', '-1', '-1', '-1', '-1', '-1', '-1', '-1', '-1', '-1', '-1', '-1', '-1']",-1.33088,"['27.897', '40.3357', '69.282', '69.3744']",0.344743,"['-1', '-1', '-1', '-1', '-1']",609.883,1161.79,-0.00316163,0.000438323,-1.29961,5.46116,-10.5408
1.38397,2.028,0,5766.09,6.99121,93.9575,1,0,1,9441.35,41.9772,9.87482,0.00103401,"['-1', '-1', '-1', '-1', '-1', '-1', '-1', '-1', '-1', '-1', '-1', '-1', '-1', '-1', '-1', '-1', '-1', '-1', '-1']",-1.37413,"['27.5734', '40.3616', '70.1904', '70.1904']",0.344715,"['-1', '-1', '-1', '-1', '-1']",610,1161.55,-0.00328082,0.000688,-1.35528,5.22831,-10.7774
1.44086,2.05,0,5766.19,7.09668,93.9567,1,0,1,9501.14,41.9811,11.2122,0.00118189,"['-1', '-1', '-1', '-1', '-1', '-1', '-1', '-1', '-1', '-1', '-1', '-1', '-1', '-1', '-1', '-1', '-1', '-1', '-1']",-1.41832,"['27.1678', '40.2874', '68.992', '69.12']",0.344692,"['-1', '-1', '-1', '-1', '-1']",610.112,1161.31,-0.00339864,0.000931489,-1.41227,4.97399,-10.9977
1.49898,2.072,0,5766.29,7.19678,93.956,1,0,1,9170.52,41.8817,12.5743,0.00165013,"['-1', '-1', '-1', '-1', '-1', '-1', '-1', '-1', '-1', '-1', '-1', '-1', '-1', '-1', '-1', '-1', '-1', '-1', '-1']",-1.46329,"['26.6818', '40.1141', '69.4896', '69.627']",0.344672,"['-1', '-1', '-1', '-1', '-1']",610.218,1161.07,-0.00351365,0.00115174,-1.47047,4.70041,-11.2005
1.55824,2.094,0,5766.39,7.29004,93.9552,1,0,1,9649.51,41.6798,13.9579,0.00236875,"['-1', '-1', '-1', '-1', '-1', '-1', '-1', '-1', '-1', '-1', '-1', '-1', '-1', '-1', '-1', '-1', '-1', '-1', '-1']",-1.50899,"['26.116', '39.8467', '70.8893', '70.8893']",0.344658,"['-1', '-1', '-1', '-1', '-1']",610.318,1160.82,-0.00362111,0.00133876,-1.52981,4.4103,-11.3853
1.6186,2.116,0,5766.47,7.37646,93.9546,1,0,1,9066.86,41.3757,15.3591,0.00316942,"['-1', '-1', '-1', '-1', '-1', '-1', '-1', '-1', '-1', '-1', '-1', '-1', '-1', '-1', '-1', '-1', '-1', '-1', '-1']",-1.55538,"['25.4704', '39.4883', '68.9955', '69.2452']",0.34465,"['-1', '-1', '-1', '-1', '-1']",610.411,1160.57,-0.00371744,0.00148907,-1.59025,4.10609,-11.5515
1.67997,2.138,0,5766.55,7.45654,93.9538,1,0,1,9064.12,40.9648,16.764,0.00404227,"['-1', '-1', '-1', '-1', '-1', '-1', '-1', '-1', '-1', '-1', '-1', '-1', '-1', '-1', '-1', '-1', '-1', '-1', '-1']",-1.60232,"['24.7459', '39.0339', '68.9572', '69.2228']",0.344649,"['-1', '-1', '-1', '-1', '-1']",610.498,1160.31,-0.00380503,0.00160694,-1.65168,3.78792,-11.697
1.74228,2.16,0,5766.63,7.5293,93.9531,1,0,1,9069.58,40.4498,18.1691,0.00485687,"['-1', '-1', '-1', '-1', '-1', '-1', '-1', '-1', '-1', '-1', '-1', '-1', '-1', '-1', '-1', '-1', '-1', '-1', '-1']",-1.64979,"['23.9427', '38.4884', '68.9893', '69.2634']",0.344656,"['-1', '-1', '-1', '-1', '-1']",610.577,1160.05,-0.00388292,0.00169655,-1.71405,3.45868,-11.8219
1.80549,2.182,0,5766.69,7.59424,93.9524,1,0,1,9076.01,39.8311,19.5683,0.0055374,"['-1', '-1', '-1', '-1', '-1', '-1', '-1', '-1', '-1', '-1', '-1', '-1', '-1', '-1', '-1', '-1', '-1', '-1', '-1']",-1.69764,"['23.0605', '37.8575', '69.0334', '69.3111']",0.34467,"['-1', '-1', '-1', '-1', '-1']",610.649,1159.79,-0.00394945,0.00176158,-1.77732,3.12037,-11.9259
1.86961,2.204,0,5766.75,7.65186,93.9516,1,0,1,9077.85,39.1093,20.9559,0.00626759,"['-1', '-1', '-1', '-1', '-1', '-1', '-1', '-1', '-1', '-1', '-1', '-1', '-1', '-1', '-1', '-1', '-1', '-1', '-1']",-1.74589,"['22.0985', '37.1453', '69.0479', '69.3264']",0.344689,"['-1', '-1', '-1', '-1', '-1']",610.714,1159.53,-0.00400529,0.00180542,-1.84148,2.77477,-12.0086
1.93465,2.226,440,5766.76,7.65771,93.9507,1,0,1,9548.08,4.49562,0.957536,0.0172923,"['-1', '-1', '-1', '-1', '-1', '-1', '-1', '-1', '-1', '-1', '-1', '-1', '-1', '-1', '-1', '-1', '-1', '-1', '-1']",-1.75672,"['9.72969', '23.3836', '70.6941', '70.6941']",0.34475,"['-1', '-1', '-1', '-1', '-1']",610.721,1159.47,-0.0038758,0.00159066,-1.90654,-0.155714,-1.25542
1.99883,2.248,442,5766.75,7.65186,93.9498,1,0,1,9382.06,5.8247,1.44848,0.0305053,"['-1', '-1', '-1', '-1', '-1', '-1', '-1', '-1', '-1', '-1', '-1', '-1', '-1', '-1', '-1', '-1', '-1', '-1', '-1']",-1.76254,"['0.585087', '14.4793', '69.4564', '69.4564']",0.344906,"['-1', '-1', '-1', '-1', '-1']",610.716,1159.44,-0.00298024,0.000584769,-1.97071,-0.25002,-1.6484
2.0581,2.27,442,5766.74,7.64453,93.9488,1,0,1,9387.35,6.96275,2.2466,0.0357672,"['-1', '-1', '-1', '-1', '-1', '-1', '-1', '-1', '-1', '-1', '-1', '-1', '-1', '-1', '-1', '-1', '-1', '-1', '-1']",-1.76991,"['2.06091', '14.267', '69.5444', '69.5444']",0.345115,"['-1', '-1', '-1', '-1', '-1']",610.71,1159.39,-0.00159914,-0.000503234,-2.02997,-0.287407,-2.01186
2.11198,2.292,485,5766.73,7.63477,93.9478,1,0,1,9347.85,7.45007,2.45047,0.0344439,"['-1', '-1', '-1', '-1', '-1', '-1', '-1', '-1', '-1', '-1', '-1', '-1', '-1', '-1', '-1', '-1', '-1', '-1', '-1']",-1.77812,"['2.65088', '13.7966', '69.2588', '69.2588']",0.345335,"['-1', '-1', '-1', '-1', '-1']",610.702,1159.35,-0.000301568,-0.00145693,-2.08384,-0.420356,-2.10735
2.16066,2.314,539,5766.72,7.62256,93.9468,1,0,1,9308.2,7.86142,2.47063,0.028737,"['-1', '-1', '-1', '-1', '-1', '-1', '-1', '-1', '-1', '-1', '-1', '-1', '-1', '-1', '-1', '-1', '-1', '-1', '-1']",-1.7866,"['3.24114', '13.3013', '68.9603', '68.9603']",0.345532,"['-1', '-1', '-1', '-1', '-1']",610.691,1159.3,0.000649792,-0.00218828,-2.13252,-0.579656,-2.1885
2.20425,2.336,596,5766.7,7.60596,93.9458,1,0,1,9290.14,8.20898,2.30237,0.0205992,"['-1', '-1', '-1', '-1', '-1', '-1', '-1', '-1', '-1', '-1', '-1', '-1', '-1', '-1', '-1', '-1', '-1', '-1', '-1']",-1.79532,"['3.7803', '12.7659', '68.818', '68.818']",0.345686,"['-1', '-1', '-1', '-1', '-1']",610.676,1159.25,0.00122236,-0.0026643,-2.17609,-0.770843,-2.21002
2.24282,2.358,644,5766.68,7.58496,93.9448,1,0,1,9297.19,8.50511,1.9512,0.0118655,"['-1', '-1', '-1', '-1', '-1', '-1', '-1', '-1', '-1', '-1', '-1', '-1', '-1', '-1', '-1', '-1', '-1', '-1', '-1']",-1.80389,"['4.35984', '12.2925', '68.862', '68.862']",0.345788,"['-1', '-1', '-1', '-1', '-1']",610.656,1159.21,0.00149427,-0.00290072,-2.21464,-0.987102,-2.17775
2.27648,2.38,680,5766.66,7.55908,93.9437,1,0,1,9325.62,8.83109,1.50477,0.00362977,"['-1', '-1', '-1', '-1', '-1', '-1', '-1', '-1', '-1', '-1', '-1', '-1', '-1', '-1', '-1', '-1', '-1', '-1', '-1']",-1.81217,"['4.92751', '11.7995', '69.0664', '69.0664']",0.34584,"['-1', '-1', '-1', '-1', '-1']",610.632,1159.16,0.00156936,-0.00294156,-2.24828,-1.22013,-2.11784
2.30535,2.402,706,5766.62,7.52686,93.9427,1,0,1,9369.09,8.95675,0.668275,-0.00291512,"['-1', '-1', '-1', '-1', '-1', '-1', '-1', '-1', '-1', '-1', '-1', '-1', '-1', '-1', '-1', '-1', '-1', '-1', '-1']",-1.81998,"['5.5375', '11.3658', '69.3853', '69.3853']",0.345848,"['-1', '-1', '-1', '-1', '-1']",610.602,1159.12,0.00154387,-0.00284737,-2.27712,-1.47899,-1.9745
2.32949,2.424,718,5766.59,7.48975,93.9417,1,0,1,9414.09,9.16028,-0.187891,-0.00684416,"['-1', '-1', '-1', '-1', '-1', '-1', '-1', '-1', '-1', '-1', '-1', '-1', '-1', '-1', '-1', '-1', '-1', '-1', '-1']",-1.82717,"['6.16601', '10.9995', '69.7198', '69.7198']",0.345827,"['-1', '-1', '-1', '-1', '-1']",610.566,1159.08,0.00149869,-0.00268576,-2.30123,-1.74385,-1.81876
2.34898,2.446,721,5766.54,7.44678,93.9407,1,0,1,9451.42,9.35339,-1.16247,-0.00868026,"['-1', '-1', '-1', '-1', '-1', '-1', '-1', '-1', '-1', '-1', '-1', '-1', '-1', '-1', '-1', '-1', '-1', '-1', '-1']",-1.83365,"['6.83555', '10.6537', '69.9993', '69.9993']",0.34579,"['-1', '-1', '-1', '-1', '-1']",610.524,1159.04,0.00147644,-0.00250892,-2.32068,-2.01588,-1.63724
2.36393,2.468,721,5766.5,7.39746,93.9397,1,0,1,9479.16,9.5496,-2.21585,-0.0091202,"['-1', '-1', '-1', '-1', '-1', '-1', '-1', '-1', '-1', '-1', '-1', '-1', '-1', '-1', '-1', '-1', '-1', '-1', '-1']",-1.83933,"['7.52414', '10.3455', '70.2083', '70.2083']",0.34575,"['-1', '-1', '-1', '-1', '-1']",610.476,1159.01,0.00149409,-0.00234961,-2.33559,-2.29084,-1.44195
2.37451,2.49,721,5766.44,7.3418,93.9387,1,0,1,9496.66,9.74877,-3.32161,-0.00859621,"['-1', '-1', '-1', '-1', '-1', '-1', '-1', '-1', '-1', '-1', '-1', '-1', '-1', '-1', '-1', '-1', '-1', '-1', '-1']",-1.84417,"['8.20043', '10.0677', '70.341', '70.341']",0.345711,"['-1', '-1', '-1', '-1', '-1']",610.422,1158.98,0.001554,-0.00222473,-2.34613,-2.56536,-1.24111
2.38094,2.512,721,5766.38,7.28076,93.9377,1,0,1,9507.09,9.95659,-4.44686,-0.00766943,"['-1', '-1', '-1', '-1', '-1', '-1', '-1', '-1', '-1', '-1', '-1', '-1', '-1', '-1', '-1', '-1', '-1', '-1', '-1']",-1.84817,"['8.86563', '9.84553', '70.4198', '70.4198']",0.34568,"['-1', '-1', '-1', '-1', '-1']",610.362,1158.95,0.00164671,-0.00213691,-2.3525,-2.82464,-1.09383
2.38342,2.534,721,5766.31,7.21338,93.9367,1,0,1,9514.15,10.1578,-5.58941,-0.00681442,"['-1', '-1', '-1', '-1', '-1', '-1', '-1', '-1', '-1', '-1', '-1', '-1', '-1', '-1', '-1', '-1', '-1', '-1', '-1']",-1.85143,"['9.55224', '9.6782', '70.4732', '70.4732']",0.345655,"['-1', '-1', '-1', '-1', '-1']",610.296,1158.93,0.0017581,-0.00208186,-2.35493,-3.10373,-0.852583
2.38216,2.556,721,5766.24,7.14062,93.9357,1,0,1,9519.24,10.352,-6.72871,-0.0059349,"['-1', '-1', '-1', '-1', '-1', '-1', '-1', '-1', '-1', '-1', '-1', '-1', '-1', '-1', '-1', '-1', '-1', '-1', '-1']",-1.85387,"['10.2207', '9.52234', '70.5116', '70.5116']",0.345637,"['-1', '-1', '-1', '-1', '-1']",610.224,1158.92,0.00187998,-0.00205432,-2.3536,-3.36503,-0.67128
2.37731,2.578,721,5766.16,7.0625,93.9347,1,0,1,9522.93,10.5274,-7.86386,-0.00518319,"['-1', '-1', '-1', '-1', '-1', '-1', '-1', '-1', '-1', '-1', '-1', '-1', '-1', '-1', '-1', '-1', '-1', '-1', '-1']",-1.85558,"['10.8596', '9.37706', '70.5391', '70.5391']",0.345626,"['-1', '-1', '-1', '-1', '-1']",610.147,1158.91,0.00200222,-0.00204717,-2.34868,-3.62025,-0.50057
2.36899,2.6,721,5766.08,6.97852,93.9337,1,0,1,9525.8,10.6729,-8.99253,-0.00463433,"['-1', '-1', '-1', '-1', '-1', '-1', '-1', '-1', '-1', '-1', '-1', '-1', '-1', '-1', '-1', '-1', '-1', '-1', '-1']",-1.8566,"['11.4681', '9.22532', '70.5606', '70.5606']",0.34562,"['-1', '-1', '-1', '-1', '-1']",610.064,1158.9,0.00211607,-0.00205349,-2.34029,-3.86867,-0.341122
2.35728,2.622,721,5765.99,6.89014,93.9327,1,0,1,9528.48,10.783,-10.1043,-0.0043615,"['-1', '-1', '-1', '-1', '-1', '-1', '-1', '-1', '-1', '-1', '-1', '-1', '-1', '-1', '-1', '-1', '-1', '-1', '-1']",-1.85698,"['12.0354', '9.06516', '70.5805', '70.5805']",0.34562,"['-1', '-1', '-1', '-1', '-1']",609.976,1158.89,0.00221622,-0.00206719,-2.32851,-4.09768,-0.241859
2.34226,2.644,721,5765.89,6.79541,93.9317,1,0,1,9531,10.8874,-11.1362,-0.00428931,"['-1', '-1', '-1', '-1', '-1', '-1', '-1', '-1', '-1', '-1', '-1', '-1', '-1', '-1', '-1', '-1', '-1', '-1', '-1']",-1.85682,"['12.5799', '8.86362', '70.5989', '70.5989']",0.345624,"['-1', '-1', '-1', '-1', '-1']",609.882,1158.89,0.00230039,-0.00208419,-2.31342,-4.33785,-0.0734357
2.32398,2.666,721,5765.79,6.69678,93.9307,1,0,1,9533.45,10.8953,-12.2111,-0.00434507,"['-1', '-1', '-1', '-1', '-1', '-1', '-1', '-1', '-1', '-1', '-1', '-1', '-1', '-1', '-1', '-1', '-1', '-1', '-1']",-1.85616,"['13.0561', '8.62616', '70.6172', '70.6172']",0.345628,"['-1', '-1', '-1', '-1', '-1']",609.784,1158.89,0.00236947,-0.0021023,-2.29507,-4.55917,0.0435881
2.30247,2.688,721,5765.69,6.59277,93.9296,1,0,1,9535.85,10.7997,-13.3159,-0.00454906,"['-1', '-1', '-1', '-1', '-1', '-1', '-1', '-1', '-1', '-1', '-1', '-1', '-1', '-1', '-1', '-1', '-1', '-1', '-1']",-1.85494,"['13.471', '8.33633', '70.6354', '70.6354']",0.345634,"['-1', '-1', '-1', '-1', '-1']",609.681,1158.9,0.00242516,-0.00212035,-2.27348,-4.77147,0.153488
2.27775,2.71,721,5765.58,6.48486,93.9286,1,0,1,9537.91,10.6898,-14.3103,-0.00479059,"['-1', '-1', '-1', '-1', '-1', '-1', '-1', '-1', '-1', '-1', '-1', '-1', '-1', '-1', '-1', '-1', '-1', '-1', '-1']",-1.85345,"['13.836', '7.99604', '70.6504', '70.6504']",0.345639,"['-1', '-1', '-1', '-1', '-1']",609.573,1158.9,0.0024698,-0.00213858,-2.24867,-4.96789,0.232602
2.24983,2.732,721,5765.47,6.37207,93.9276,1,0,1,9539.41,10.5203,-15.2493,-0.00506249,"['-1', '-1', '-1', '-1', '-1', '-1', '-1', '-1', '-1', '-1', '-1', '-1', '-1', '-1', '-1', '-1', '-1', '-1', '-1']",-1.85163,"['14.1389', '7.59568', '70.6619', '70.6619']",0.345644,"['-1', '-1', '-1', '-1', '-1']",609.461,1158.91,0.00250507,-0.00215704,-2.22066,-5.14951,0.289009
2.2187,2.754,721,5765.35,6.25635,93.9266,1,0,1,9540.22,10.2943,-16.1213,-0.0053261,"['-1', '-1', '-1', '-1', '-1', '-1', '-1', '-1', '-1', '-1', '-1', '-1', '-1', '-1', '-1', '-1', '-1', '-1', '-1']",-1.84965,"['14.3787', '7.13148', '70.6681', '70.6681']",0.345648,"['-1', '-1', '-1', '-1', '-1']",609.346,1158.92,0.00253203,-0.00217621,-2.18945,-5.31459,0.31984
2.18437,2.776,721,5765.23,6.13672,93.9256,1,0,1,9540.43,10.029,-16.9004,-0.00551215,"['-1', '-1', '-1', '-1', '-1', '-1', '-1', '-1', '-1', '-1', '-1', '-1', '-1', '-1', '-1', '-1', '-1', '-1', '-1']",-1.84759,"['14.5889', '6.63971', '70.6697', '70.6697']",0.345652,"['-1', '-1', '-1', '-1', '-1']",609.227,1158.92,0.00255155,-0.00219596,-2.15502,-5.46035,0.319504
2.14682,2.798,721,5765.11,6.01416,93.9246,1,0,1,9540.1,9.70557,-17.6102,-0.00572212,"['-1', '-1', '-1', '-1', '-1', '-1', '-1', '-1', '-1', '-1', '-1', '-1', '-1', '-1', '-1', '-1', '-1', '-1', '-1']",-1.84561,"['14.6713', '6.023', '70.6677', '70.6677']",0.345656,"['-1', '-1', '-1', '-1', '-1']",609.106,1158.93,0.00256383,-0.00221716,-2.11738,-5.58706,0.290558
2.10604,2.82,721,5764.99,5.88916,93.9236,1,0,1,9538.81,9.36926,-18.2019,-0.00583454,"['-1', '-1', '-1', '-1', '-1', '-1', '-1', '-1', '-1', '-1', '-1', '-1', '-1', '-1', '-1', '-1', '-1', '-1', '-1']",-1.84382,"['14.76', '5.3834', '70.6584', '70.6584']",0.345659,"['-1', '-1', '-1', '-1', '-1']",608.981,1158.94,0.00256942,-0.00224029,-2.07651,-5.69023,0.223052
2.06201,2.842,721,5764.86,5.76221,93.9226,1,0,1,9537.15,9.02806,-18.6793,-0.0058726,"['-1', '-1', '-1', '-1', '-1', '-1', '-1', '-1', '-1', '-1', '-1', '-1', '-1', '-1', '-1', '-1', '-1', '-1', '-1']",-1.8424,"['14.7944', '4.69635', '70.646', '70.646']",0.345662,"['-1', '-1', '-1', '-1', '-1']",608.855,1158.94,0.00256927,-0.00226454,-2.03238,-5.76848,0.115026
2.01472,2.864,721,5764.73,5.63379,93.9216,1,0,1,9535.74,8.70569,-19.0352,-0.00593988,"['-1', '-1', '-1', '-1', '-1', '-1', '-1', '-1', '-1', '-1', '-1', '-1', '-1', '-1', '-1', '-1', '-1', '-1', '-1']",-1.84151,"['14.7941', '3.96824', '70.6355', '70.6355']",0.345665,"['-1', '-1', '-1', '-1', '-1']",608.727,1158.94,0.00256407,-0.00228863,-1.98499,-5.81937,-0.0378414
1.96417,2.886,721,5764.6,5.50439,93.9206,1,0,1,9536.06,8.44893,-19.2532,-0.00620208,"['-1', '-1', '-1', '-1', '-1', '-1', '-1', '-1', '-1', '-1', '-1', '-1', '-1', '-1', '-1', '-1', '-1', '-1', '-1']",-1.84133,"['14.7914', '3.27068', '70.637', '70.637']",0.345669,"['-1', '-1', '-1', '-1', '-1']",608.599,1158.94,0.00255445,-0.00230994,-1.93434,-5.83442,-0.264157
1.91041,2.908,721,5764.47,5.375,93.9196,1,0,1,9538.21,8.24018,-19.3719,-0.00633898,"['-1', '-1', '-1', '-1', '-1', '-1', '-1', '-1', '-1', '-1', '-1', '-1', '-1', '-1', '-1', '-1', '-1', '-1', '-1']",-1.84213,"['14.8712', '2.63156', '70.6522', '70.6522']",0.34567,"['-1', '-1', '-1', '-1', '-1']",608.471,1158.93,0.00254004,-0.00232564,-1.88048,-5.82891,-0.496091
1.85356,2.93,721,5764.34,5.24561,93.9186,1,0,1,9543.32,8.13327,-19.3954,-0.00652068,"['-1', '-1', '-1', '-1', '-1', '-1', '-1', '-1', '-1', '-1', '-1', '-1', '-1', '-1', '-1', '-1', '-1', '-1', '-1']",-1.84408,"['14.9077', '2.00744', '70.6886', '70.6886']",0.345672,"['-1', '-1', '-1', '-1', '-1']",608.343,1158.92,0.00251745,-0.00233254,-1.82354,-5.78725,-0.803475
1.794,2.952,721,5764.22,5.11719,93.9176,1,0,1,9554.75,8.14703,-19.3705,-0.00670009,"['-1', '-1', '-1', '-1', '-1', '-1', '-1', '-1', '-1', '-1', '-1', '-1', '-1', '-1', '-1', '-1', '-1', '-1', '-1']",-1.84737,"['14.9478', '1.56076', '70.7705', '70.7705']",0.345671,"['-1', '-1', '-1', '-1', '-1']",608.216,1158.9,0.0024725,-0.00231815,-1.76388,-5.72142,-1.15698
1.73251,2.974,721,5764.09,4.99072,93.9166,1,0,1,9577.55,8.12514,-19.4207,-0.00695879,"['-1', '-1', '-1', '-1', '-1', '-1', '-1', '-1', '-1', '-1', '-1', '-1', '-1', '-1', '-1', '-1', '-1', '-1', '-1']",-1.8521,"['15.0466', '1.29931', '70.9354', '70.9354']",0.345669,"['-1', '-1', '-1', '-1', '-1']",608.091,1158.87,0.00237856,-0.00226328,-1.7023,-5.65257,-1.49821
1.66987,2.996,721,5763.96,4.86523,93.9156,1,0,1,9382.7,8.05,-19.5227,-0.00735363,"['-1', '-1', '-1', '-1', '-1', '-1', '-1', '-1', '-1', '-1', '-1', '-1', '-1', '-1', '-1', '-1', '-1', '-1', '-1']",-1.85811,"['15.1734', '1.10693', '69.4287', '69.4287']",0.345664,"['-1', '-1', '-1', '-1', '-1']",607.968,1158.83,0.00224522,-0.00216698,-1.63956,-5.57437,-1.82625
1.60642,3.018,721,5763.84,4.74121,93.9146,1,0,1,9503.64,7.94788,-19.6406,-0.0076374,"['-1', '-1', '-1', '-1', '-1', '-1', '-1', '-1', '-1', '-1', '-1', '-1', '-1', '-1', '-1', '-1', '-1', '-1', '-1']",-1.86541,"['14.5069', '0.917356', '70.3631', '70.3631']",0.345656,"['-1', '-1', '-1', '-1', '-1']",607.846,1158.78,0.00211178,-0.00205336,-1.57602,-5.47974,-2.14744
1.54225,3.04,721,5763.72,4.61963,93.9136,1,0,1,9589.62,7.79488,-19.7518,-0.00770543,"['-1', '-1', '-1', '-1', '-1', '-1', '-1', '-1', '-1', '-1', '-1', '-1', '-1', '-1', '-1', '-1', '-1', '-1', '-1']",-1.87402,"['15.5961', '0.79081', '71.0097', '71.0097']",0.345647,"['-1', '-1', '-1', '-1', '-1']",607.727,1158.73,0.00200095,-0.00194091,-1.51175,-5.36376,-2.45381
1.47744,3.062,721,5763.6,4.50049,93.9127,1,0,1,9446.67,7.63823,-19.8875,-0.00753467,"['-1', '-1', '-1', '-1', '-1', '-1', '-1', '-1', '-1', '-1', '-1', '-1', '-1', '-1', '-1', '-1', '-1', '-1', '-1']",-1.88386,"['14.9669', '0.577592', '69.9294', '69.9294']",0.345637,"['-1', '-1', '-1', '-1', '-1']",607.61,1158.68,0.00191151,-0.00184687,-1.44685,-5.23604,-2.75744
1.41223,3.084,721,5763.48,4.38379,93.9117,1,0,1,9564.96,7.45053,-20.0561,-0.00735719,"['-1', '-1', '-1', '-1', '-1', '-1', '-1', '-1', '-1', '-1', '-1', '-1', '-1', '-1', '-1', '-1', '-1', '-1', '-1']",-1.89489,"['14.1663', '0.841977', '70.8176', '70.8176']",0.345628,"['-1', '-1', '-1', '-1', '-1']",607.497,1158.61,0.00181623,-0.00176348,-1.38155,-5.10063,-3.05033
1.34668,3.106,721,5763.37,4.27051,93.9108,1,0,1,9413.06,7.2426,-20.2228,-0.00695683,"['-1', '-1', '-1', '-1', '-1', '-1', '-1', '-1', '-1', '-1', '-1', '-1', '-1', '-1', '-1', '-1', '-1', '-1', '-1']",-1.90712,"['15.19', '-1.41601', '69.6515', '69.6515']",0.345622,"['-1', '-1', '-1', '-1', '-1']",607.386,1158.54,0.00172654,-0.00170346,-1.31593,-4.94874,-3.33364
1.28074,3.128,725,5763.24,4.146,93.9098,1,0,1,9527.83,-9.83444,-19.1922,-0.00656081,"['-1', '-1', '-1', '-1', '-1', '-1', '-1', '-1', '-1', '-1', '-1', '-1', '-1', '-1', '-1', '-1', '-1', '-1', '-1']",-1.9082,"['6.77473', '-4.77148', '70.5618', '70.5618']",0.345622,"['-1', '-1', '-1', '-1', '-1']",607.263,1158.53,0.00162448,-0.00171189,-1.2499,-5.92388,0.982166
1.21405,3.15,728,5763.12,4.01758,93.9088,1,0,1,9504.68,-9.90874,-18.0969,-0.00490714,"['-1', '-1', '-1', '-1', '-1', '-1', '-1', '-1', '-1', '-1', '-1', '-1', '-1', '-1', '-1', '-1', '-1', '-1', '-1']",-1.90419,"['1.28491', '-13.247', '70.4211', '70.4211']",0.34563,"['-1', '-1', '-1', '-1', '-1']",607.135,1158.55,0.00152445,-0.00207793,-1.18312,-5.6903,0.682895
1.14467,3.172,728,5762.99,3.89551,93.9078,1,0,1,9461.86,-9.83693,-16.8917,-0.00362213,"['-1', '-1', '-1', '-1', '-1', '-1', '-1', '-1', '-1', '-1', '-1', '-1', '-1', '-1', '-1', '-1', '-1', '-1', '-1']",-1.90135,"['0.817536', '-14.8022', '70.099', '70.099']",0.345645,"['-1', '-1', '-1', '-1', '-1']",607.013,1158.56,0.00162006,-0.00243209,-1.11366,-5.41384,0.415754
1.07246,3.194,728,5762.88,3.7793,93.9068,1,0,1,9434.69,-9.75128,-15.7127,-0.00310985,"['-1', '-1', '-1', '-1', '-1', '-1', '-1', '-1', '-1', '-1', '-1', '-1', '-1', '-1', '-1', '-1', '-1', '-1', '-1']",-1.89957,"['-0.985755', '-15.5842', '69.894', '69.894']",0.345664,"['-1', '-1', '-1', '-1', '-1']",606.897,1158.57,0.00175926,-0.00267998,-1.04137,-5.1341,0.16782
0.998597,3.216,728,5762.77,3.66846,93.9058,1,0,1,9438.22,-9.72064,-14.7033,-0.00349694,"['-1', '-1', '-1', '-1', '-1', '-1', '-1', '-1', '-1', '-1', '-1', '-1', '-1', '-1', '-1', '-1', '-1', '-1', '-1']",-1.89877,"['-0.318188', '-16.0734', '69.9027', '69.9027']",0.345682,"['-1', '-1', '-1', '-1', '-1']",606.787,1158.57,0.00178688,-0.00276266,-0.967425,-4.89574,-0.0611214
0.924366,3.238,728,5762.66,3.5625,93.9047,1,0,1,9481.28,-9.66253,-13.6805,-0.00473333,"['-1', '-1', '-1', '-1', '-1', '-1', '-1', '-1', '-1', '-1', '-1', '-1', '-1', '-1', '-1', '-1', '-1', '-1', '-1']",-1.89888,"['1.18233', '-16.3508', '70.2122', '70.2122']",0.345692,"['-1', '-1', '-1', '-1', '-1']",606.683,1158.56,0.00168631,-0.00268377,-0.893121,-4.64514,-0.260161
0.849529,3.26,728,5762.56,3.46289,93.9037,1,0,1,9540.29,-9.53121,-12.6977,-0.00586309,"['-1', '-1', '-1', '-1', '-1', '-1', '-1', '-1', '-1', '-1', '-1', '-1', '-1', '-1', '-1', '-1', '-1', '-1', '-1']",-1.89979,"['0.362514', '-16.5976', '70.6499', '70.6499']",0.345692,"['-1', '-1', '-1', '-1', '-1']",606.584,1158.56,0.0015697,-0.00252907,-0.818216,-4.38738,-0.448471
0.774783,3.282,728,5762.47,3.36816,93.9028,1,0,1,9266.64,-9.34359,-11.8098,-0.00670379,"['-1', '-1', '-1', '-1', '-1', '-1', '-1', '-1', '-1', '-1', '-1', '-1', '-1', '-1', '-1', '-1', '-1', '-1', '-1']",-1.90141,"['-1.44996', '-16.6535', '69.0894', '69.0894']",0.345685,"['-1', '-1', '-1', '-1', '-1']",606.49,1158.54,0.00142033,-0.00232354,-0.743404,-4.13529,-0.630401
0.700906,3.304,728,5762.38,3.2793,93.9018,1,0,1,9492.84,-9.17925,-10.9795,-0.00718855,"['-1', '-1', '-1', '-1', '-1', '-1', '-1', '-1', '-1', '-1', '-1', '-1', '-1', '-1', '-1', '-1', '-1', '-1', '-1']",-1.90381,"['0.580272', '-16.5252', '70.2656', '70.2656']",0.345671,"['-1', '-1', '-1', '-1', '-1']",606.402,1158.53,0.00124024,-0.00207991,-0.669466,-3.89738,-0.783247
0.628223,3.326,728,5762.29,3.19482,93.9009,1,0,1,9289.08,-8.90438,-10.2295,-0.00731454,"['-1', '-1', '-1', '-1', '-1', '-1', '-1', '-1', '-1', '-1', '-1', '-1', '-1', '-1', '-1', '-1', '-1', '-1', '-1']",-1.9068,"['-0.911731', '-16.3207', '69.2305', '69.2305']",0.345655,"['-1', '-1', '-1', '-1', '-1']",606.319,1158.51,0.0010552,-0.00183827,-0.596725,-3.64896,-0.936634
0.557089,3.348,728,5762.21,3.1167,93.8999,1,0,1,9539.95,-8.61775,-9.56292,-0.00702094,"['-1', '-1', '-1', '-1', '-1', '-1', '-1', '-1', '-1', '-1', '-1', '-1', '-1', '-1', '-1', '-1', '-1', '-1', '-1']",-1.91042,"['-1.55229', '-15.9593', '70.6113', '70.6113']",0.345636,"['-1', '-1', '-1', '-1', '-1']",606.242,1158.49,0.000868852,-0.00161139,-0.525537,-3.41037,-1.07519
0.487952,3.37,728,5762.14,3.04248,93.899,1,0,1,9452.68,-8.32026,-8.98057,-0.00660391,"['-1', '-1', '-1', '-1', '-1', '-1', '-1', '-1', '-1', '-1', '-1', '-1', '-1', '-1', '-1', '-1', '-1', '-1', '-1']",-1.9146,"['0.375505', '-15.3824', '69.9227', '69.9227']",0.345619,"['-1', '-1', '-1', '-1', '-1']",606.17,1158.46,0.000675396,-0.00139454,-0.456349,-3.18148,-1.20117
0.421224,3.392,728,5762.07,2.97461,93.8981,1,0,1,9309.13,-7.92729,-8.52006,-0.00609014,"['-1', '-1', '-1', '-1', '-1', '-1', '-1', '-1', '-1', '-1', '-1', '-1', '-1', '-1', '-1', '-1', '-1', '-1', '-1']",-1.9193,"['-1.06942', '-15.3857', '69.3587', '69.3587']",0.345604,"['-1', '-1', '-1', '-1', '-1']",606.103,1158.43,0.00047051,-0.00119972,-0.389575,-2.9439,-1.3355
0.357122,3.414,728,5762.01,2.91113,93.8971,1,0,1,9583.81,-7.55579,-8.11769,-0.00541611,"['-1', '-1', '-1', '-1', '-1', '-1', '-1', '-1', '-1', '-1', '-1', '-1', '-1', '-1', '-1', '-1', '-1', '-1', '-1']",-1.92454,"['-1.2545', '-13.5389', '70.9306', '70.9306']",0.34559,"['-1', '-1', '-1', '-1', '-1']",606.041,1158.4,0.000273695,-0.00102658,-0.325429,-2.71795,-1.44999
0.295706,3.436,728,5761.95,2.85303,93.8961,1,0,1,9525.1,-7.11906,-7.75943,-0.00476413,"['-1', '-1', '-1', '-1', '-1', '-1', '-1', '-1', '-1', '-1', '-1', '-1', '-1', '-1', '-1', '-1', '-1', '-1', '-1']",-1.93022,"['0.64946', '-13.666', '70.4752', '70.4752']",0.345579,"['-1', '-1', '-1', '-1', '-1']",605.984,1158.37,0.000108472,-0.000881933,-0.263973,-2.47993,-1.55121
0.236827,3.458,728,5761.9,2.7998,93.8952,1,0,1,9455.25,-6.59914,-7.4694,-0.00407077,"['-1', '-1', '-1', '-1', '-1', '-1', '-1', '-1', '-1', '-1', '-1', '-1', '-1', '-1', '-1', '-1', '-1', '-1', '-1']",-1.93632,"['-1.43979', '-13.7513', '69.9969', '69.9969']",0.34557,"['-1', '-1', '-1', '-1', '-1']",605.932,1158.34,-1.71389e-05,-0.000783107,-0.205056,-2.22584,-1.64645
0.180169,3.48,728,5761.85,2.75195,93.8943,1,0,1,9402.33,-6.11464,-7.13535,-0.00333011,"['-1', '-1', '-1', '-1', '-1', '-1', '-1', '-1', '-1', '-1', '-1', '-1', '-1', '-1', '-1', '-1', '-1', '-1', '-1']",-1.94276,"['0.947235', '-11.385', '69.289', '69.289']",0.345563,"['-1', '-1', '-1', '-1', '-1']",605.886,1158.3,-8.95873e-05,-0.000720286,-0.148366,-1.98152,-1.69912
0.124977,3.502,728,5761.81,2.71045,93.8933,1,0,1,9579.88,-5.51226,-6.85904,-0.00247104,"['-1', '-1', '-1', '-1', '-1', '-1', '-1', '-1', '-1', '-1', '-1', '-1', '-1', '-1', '-1', '-1', '-1', '-1', '-1']",-1.9494,"['0.480705', '-11.6686', '70.9098', '70.9098']",0.34556,"['-1', '-1', '-1', '-1', '-1']",605.846,1158.26,-0.000104685,-0.000728074,-0.0931453,-1.71041,-1.74618
0.0719932,3.524,728,5761.77,2.67432,93.8924,1,0,1,9498.09,-4.92141,-6.75302,-0.00178651,"['-1', '-1', '-1', '-1', '-1', '-1', '-1', '-1', '-1', '-1', '-1', '-1', '-1', '-1', '-1', '-1', '-1', '-1', '-1']",-1.95632,"['-0.621699', '-11.636', '70.2844', '70.2844']",0.345559,"['-1', '-1', '-1', '-1', '-1']",605.811,1158.22,-0.000164899,-0.000734053,-0.0401368,-1.44976,-1.81269
0.0219186,3.546,728,5761.74,2.64404,93.8915,1,0,1,9393.53,-4.40152,-6.66236,-0.00134825,"['-1', '-1', '-1', '-1', '-1', '-1', '-1', '-1', '-1', '-1', '-1', '-1', '-1', '-1', '-1', '-1', '-1', '-1', '-1']",-1.96349,"['1.20361', '-8.84149', '69.6346', '69.6346']",0.34556,"['-1', '-1', '-1', '-1', '-1']",605.782,1158.18,-0.000267497,-0.000708664,0.00995865,-1.21242,-1.85737
-0.0251662,3.568,728,5761.72,2.61914,93.8906,1,0,1,9132.09,-3.77689,-6.62228,-0.00105574,"['-1', '-1', '-1', '-1', '-1', '-1', '-1', '-1', '-1', '-1', '-1', '-1', '-1', '-1', '-1', '-1', '-1', '-1', '-1']",-1.9709,"['1.75409', '-9.14287', '69.3737', '69.3257']",0.345561,"['-1', '-1', '-1', '-1', '-1']",605.759,1158.14,-0.000353388,-0.000677092,0.0570605,-0.950387,-1.89243
-0.0693609,3.59,728,5761.7,2.59961,93.8895,1,0,1,9546.02,-3.13251,-6.58232,-0.000869468,"['-1', '-1', '-1', '-1', '-1', '-1', '-1', '-1', '-1', '-1', '-1', '-1', '-1', '-1', '-1', '-1', '-1', '-1', '-1']",-1.97836,"['1.17423', '-8.89603', '70.647', '70.647']",0.345562,"['-1', '-1', '-1', '-1', '-1']",605.741,1158.1,-0.000399163,-0.000652724,0.101269,-0.688264,-1.90435
-0.110865,3.612,728,5761.68,2.58545,93.8886,1,0,1,9470.1,-2.50698,-6.53366,-0.00055145,"['-1', '-1', '-1', '-1', '-1', '-1', '-1', '-1', '-1', '-1', '-1', '-1', '-1', '-1', '-1', '-1', '-1', '-1', '-1']",-1.98586,"['1.67035', '-6.07388', '70.0547', '70.0547']",0.345562,"['-1', '-1', '-1', '-1', '-1']",605.729,1158.06,-0.000400331,-0.00063501,0.142782,-0.438008,-1.89393
-0.149858,3.634,728,5761.68,2.57812,93.8877,1,0,1,9397.55,-1.80437,-6.50108,-0.000202608,"['-1', '-1', '-1', '-1', '-1', '-1', '-1', '-1', '-1', '-1', '-1', '-1', '-1', '-1', '-1', '-1', '-1', '-1', '-1']",-1.99339,"['2.19274', '-6.037', '69.2562', '69.2562']",0.345563,"['-1', '-1', '-1', '-1', '-1']",605.722,1158.01,-0.000366229,-0.000640191,0.181781,-0.172925,-1.86613
-0.1866,3.656,728,5761.67,2.57617,93.8867,1,0,1,9572.71,-1.08375,-6.46939,0.000257472,"['-1', '-1', '-1', '-1', '-1', '-1', '-1', '-1', '-1', '-1', '-1', '-1', '-1', '-1', '-1', '-1', '-1', '-1', '-1']",-2.00073,"['2.65807', '-5.9621', '70.8578', '70.8578']",0.345564,"['-1', '-1', '-1', '-1', '-1']",605.721,1157.97,-0.000304536,-0.000669565,0.218524,0.0897938,-1.81988
-0.221305,3.678,728,5761.68,2.58008,93.8858,1,0,1,9482.81,-0.37027,-6.44038,0.0007336,"['-1', '-1', '-1', '-1', '-1', '-1', '-1', '-1', '-1', '-1', '-1', '-1', '-1', '-1', '-1', '-1', '-1', '-1', '-1']",-2.0079,"['3.16426', '-3.66425', '70.1747', '70.1747']",0.345565,"['-1', '-1', '-1', '-1', '-1']",605.726,1157.93,-0.000230615,-0.000713366,0.253226,0.343202,-1.75877
-0.254105,3.7,728,5761.69,2.58936,93.8849,1,0,1,9299.16,0.395576,-6.43389,0.00118201,"['-1', '-1', '-1', '-1', '-1', '-1', '-1', '-1', '-1', '-1', '-1', '-1', '-1', '-1', '-1', '-1', '-1', '-1', '-1']",-2.01487,"['3.6583', '-3.08703', '69.2997', '69.2997']",0.345568,"['-1', '-1', '-1', '-1', '-1']",605.737,1157.9,-0.000157723,-0.000769114,0.28602,0.604754,-1.68535
-0.285113,3.722,728,5761.7,2.60498,93.8839,1,0,1,9535.86,1.18054,-6.44104,0.00162059,"['-1', '-1', '-1', '-1', '-1', '-1', '-1', '-1', '-1', '-1', '-1', '-1', '-1', '-1', '-1', '-1', '-1', '-1', '-1']",-2.02148,"['4.17132', '-3.16058', '70.586', '70.586']",0.345572,"['-1', '-1', '-1', '-1', '-1']",605.754,1157.86,-9.51432e-05,-0.000831041,0.317017,0.864952,-1.60017
-0.31446,3.744,728,5761.72,2.62598,93.883,1,0,1,9409.69,1.94601,-6.45638,0.00199072,"['-1', '-1', '-1', '-1', '-1', '-1', '-1', '-1', '-1', '-1', '-1', '-1', '-1', '-1', '-1', '-1', '-1', '-1', '-1']",-2.02783,"['4.7522', '-1.01779', '69.6723', '69.6723']",0.345576,"['-1', '-1', '-1', '-1', '-1']",605.776,1157.83,-4.72711e-05,-0.000886751,0.34635,1.11335,-1.50635
-0.342166,3.766,728,5761.75,2.65234,93.882,1,0,1,9571.5,2.75674,-6.51585,0.0022172,"['-1', '-1', '-1', '-1', '-1', '-1', '-1', '-1', '-1', '-1', '-1', '-1', '-1', '-1', '-1', '-1', '-1', '-1', '-1']",-2.03378,"['5.29619', '-0.684831', '70.8553', '70.8553']",0.34558,"['-1', '-1', '-1', '-1', '-1']",605.803,1157.79,-2.1685e-05,-0.000932526,0.374037,1.3707,-1.40838
-0.367871,3.788,728,5761.78,2.68555,93.881,1,0,1,9455.84,3.51426,-6.68828,0.00238479,"['-1', '-1', '-1', '-1', '-1', '-1', '-1', '-1', '-1', '-1', '-1', '-1', '-1', '-1', '-1', '-1', '-1', '-1', '-1']",-2.03942,"['5.8719', '0.419233', '69.992', '69.992']",0.345583,"['-1', '-1', '-1', '-1', '-1']",605.836,1157.76,-6.60805e-05,-0.000948043,0.39972,1.61925,-1.33514
-0.391594,3.81,728,5761.82,2.72266,93.8801,1,0,1,9406.51,4.32129,-6.75588,0.00236198,"['-1', '-1', '-1', '-1', '-1', '-1', '-1', '-1', '-1', '-1', '-1', '-1', '-1', '-1', '-1', '-1', '-1', '-1', '-1']",-2.04474,"['6.44862', '2.29095', '68.6335', '68.6153']",0.345585,"['-1', '-1', '-1', '-1', '-1']",605.875,1157.74,-0.000117906,-0.000935509,0.423417,1.86285,-1.22163
-0.414048,3.832,728,5761.86,2.7666,93.8791,1,0,1,9519.18,5.18561,-6.7674,0.00240629,"['-1', '-1', '-1', '-1', '-1', '-1', '-1', '-1', '-1', '-1', '-1', '-1', '-1', '-1', '-1', '-1', '-1', '-1', '-1']",-2.04958,"['6.6465', '2.36699', '70.4606', '70.4606']",0.345586,"['-1', '-1', '-1', '-1', '-1']",605.919,1157.71,-8.07636e-05,-0.000948112,0.445841,2.10811,-1.07914
-0.435521,3.854,728,5761.91,2.81543,93.8782,1,0,1,9365.17,6.03967,-6.75491,0.00262471,"['-1', '-1', '-1', '-1', '-1', '-1', '-1', '-1', '-1', '-1', '-1', '-1', '-1', '-1', '-1', '-1', '-1', '-1', '-1']",-2.05384,"['8.27659', '2.78067', '69.4383', '69.4383']",0.345585,"['-1', '-1', '-1', '-1', '-1']",605.968,1157.69,2.05562e-05,-0.000986209,0.46728,2.34131,-0.923939
-0.45596,3.876,728,5761.97,2.86963,93.8772,1,0,1,9543.4,6.91427,-6.76099,0.0029097,"['-1', '-1', '-1', '-1', '-1', '-1', '-1', '-1', '-1', '-1', '-1', '-1', '-1', '-1', '-1', '-1', '-1', '-1', '-1']",-2.05751,"['8.35515', '3.89939', '70.6473', '70.6473']",0.345585,"['-1', '-1', '-1', '-1', '-1']",606.023,1157.67,0.000133945,-0.00103738,0.487682,2.57537,-0.763801
